ISO-10303-21;
HEADER;
/* Generated by software containing ST-Developer
 * from STEP Tools, Inc. (www.steptools.com) 
 */

FILE_DESCRIPTION(
/* description */ (''),
/* implementation_level */ '2;1');

FILE_NAME(
/* name */ 'IR_TRANSMITTER_ENCLOUSER.step',
/* time_stamp */ '2026-05-09T09:48:55+05:30',
/* author */ (''),
/* organization */ (''),
/* preprocessor_version */ 'ST-DEVELOPER v20.1',
/* originating_system */ 'Autodesk Translation Framework v15.8.0.0',
/* authorisation */ '');

FILE_SCHEMA (('AUTOMOTIVE_DESIGN { 1 0 10303 214 3 1 1 }'));
ENDSEC;

DATA;
#10=MECHANICAL_DESIGN_GEOMETRIC_PRESENTATION_REPRESENTATION('',(#19,#20,
#21),#3353);
#11=SHAPE_REPRESENTATION_RELATIONSHIP('SRR','None',#3360,#12);
#12=ADVANCED_BREP_SHAPE_REPRESENTATION('',(#22,#23,#24),#3352);
#13=TOROIDAL_SURFACE('',#2135,2.6,1.);
#14=TOROIDAL_SURFACE('',#2146,2.6,1.);
#15=B_SPLINE_CURVE_WITH_KNOTS('',3,(#3160,#3161,#3162,#3163,#3164,#3165,
#3166),.UNSPECIFIED.,.F.,.F.,(4,3,4),(1.09162439459306,1.11118177563225,
1.15754669373959),.UNSPECIFIED.);
#16=B_SPLINE_CURVE_WITH_KNOTS('',3,(#3170,#3171,#3172,#3173,#3174,#3175,
#3176,#3177,#3178,#3179,#3180,#3181,#3182),.UNSPECIFIED.,.F.,.F.,(4,3,3,
3,4),(-1.22346899288612,-1.20391161184693,-1.15754669373959,-1.11118177563225,
-1.09162439459306),.UNSPECIFIED.);
#17=B_SPLINE_CURVE_WITH_KNOTS('',3,(#3185,#3186,#3187,#3188,#3189,#3190,
#3191),.UNSPECIFIED.,.F.,.F.,(4,3,4),(1.15754669373959,1.20391161184693,
1.22346899288612),.UNSPECIFIED.);
#18=B_SPLINE_SURFACE_WITH_KNOTS('',3,1,((#3136,#3137),(#3138,#3139),(#3140,
#3141),(#3142,#3143),(#3144,#3145),(#3146,#3147),(#3148,#3149),(#3150,#3151),
(#3152,#3153),(#3154,#3155),(#3156,#3157)),.UNSPECIFIED.,.F.,.F.,.F.,(4,
2,3,2,4),(2,2),(-1.22346899288612,-1.20391161184693,-1.15754669373959,-1.11118177563225,
-1.09162439459306),(0.,0.1),.UNSPECIFIED.);
#19=STYLED_ITEM('',(#3369),#22);
#20=STYLED_ITEM('',(#3369),#23);
#21=STYLED_ITEM('',(#3369),#24);
#22=MANIFOLD_SOLID_BREP('Body1',#1972);
#23=MANIFOLD_SOLID_BREP('Body2',#1973);
#24=MANIFOLD_SOLID_BREP('Body3',#1974);
#25=FACE_BOUND('',#290,.T.);
#26=FACE_BOUND('',#291,.T.);
#27=FACE_BOUND('',#292,.T.);
#28=FACE_BOUND('',#293,.T.);
#29=FACE_BOUND('',#296,.T.);
#30=FACE_BOUND('',#308,.T.);
#31=FACE_BOUND('',#313,.T.);
#32=FACE_BOUND('',#324,.T.);
#33=FACE_BOUND('',#325,.T.);
#34=FACE_BOUND('',#326,.T.);
#35=FACE_BOUND('',#327,.T.);
#36=FACE_BOUND('',#328,.T.);
#37=FACE_BOUND('',#331,.T.);
#38=FACE_BOUND('',#349,.T.);
#39=FACE_BOUND('',#359,.T.);
#40=FACE_BOUND('',#360,.T.);
#41=FACE_BOUND('',#361,.T.);
#42=FACE_BOUND('',#362,.T.);
#43=FACE_BOUND('',#373,.T.);
#44=FACE_BOUND('',#385,.T.);
#45=FACE_BOUND('',#386,.T.);
#46=CONICAL_SURFACE('',#2004,0.600000000000001,0.785398163397448);
#47=CONICAL_SURFACE('',#2010,0.600000000000001,0.785398163397448);
#48=CONICAL_SURFACE('',#2016,0.600000000000001,0.785398163397448);
#49=CONICAL_SURFACE('',#2022,0.600000000000001,0.785398163397448);
#50=CIRCLE('',#1990,4.1);
#51=CIRCLE('',#1991,4.1);
#52=CIRCLE('',#1994,4.1);
#53=CIRCLE('',#1995,4.1);
#54=CIRCLE('',#1998,4.1);
#55=CIRCLE('',#1999,4.1);
#56=CIRCLE('',#2002,4.1);
#57=CIRCLE('',#2003,4.1);
#58=CIRCLE('',#2005,0.1);
#59=CIRCLE('',#2006,1.1);
#60=CIRCLE('',#2009,1.1);
#61=CIRCLE('',#2011,0.1);
#62=CIRCLE('',#2012,1.1);
#63=CIRCLE('',#2015,1.1);
#64=CIRCLE('',#2017,0.1);
#65=CIRCLE('',#2018,1.1);
#66=CIRCLE('',#2021,1.1);
#67=CIRCLE('',#2023,0.1);
#68=CIRCLE('',#2024,1.1);
#69=CIRCLE('',#2027,1.1);
#70=CIRCLE('',#2029,5.5);
#71=CIRCLE('',#2030,5.5);
#72=CIRCLE('',#2031,5.5);
#73=CIRCLE('',#2032,5.5);
#74=CIRCLE('',#2034,5.5);
#75=CIRCLE('',#2037,5.5);
#76=CIRCLE('',#2041,5.5);
#77=CIRCLE('',#2044,5.5);
#78=CIRCLE('',#2047,7.5);
#79=CIRCLE('',#2048,7.5);
#80=CIRCLE('',#2051,7.5);
#81=CIRCLE('',#2052,7.5);
#82=CIRCLE('',#2055,7.5);
#83=CIRCLE('',#2056,7.5);
#84=CIRCLE('',#2059,7.5);
#85=CIRCLE('',#2060,7.5);
#86=CIRCLE('',#2064,5.4);
#87=CIRCLE('',#2065,5.4);
#88=CIRCLE('',#2068,5.4);
#89=CIRCLE('',#2069,5.4);
#90=CIRCLE('',#2072,5.4);
#91=CIRCLE('',#2073,5.4);
#92=CIRCLE('',#2076,5.4);
#93=CIRCLE('',#2077,5.4);
#94=CIRCLE('',#2080,7.5);
#95=CIRCLE('',#2081,7.5);
#96=CIRCLE('',#2082,7.5);
#97=CIRCLE('',#2083,7.5);
#98=CIRCLE('',#2084,1.75);
#99=CIRCLE('',#2085,1.75);
#100=CIRCLE('',#2086,1.6);
#101=CIRCLE('',#2087,1.6);
#102=CIRCLE('',#2089,1.6);
#103=CIRCLE('',#2090,1.6);
#104=CIRCLE('',#2091,1.6);
#105=CIRCLE('',#2093,3.3);
#106=CIRCLE('',#2094,3.3);
#107=CIRCLE('',#2095,3.3);
#108=CIRCLE('',#2096,3.3);
#109=CIRCLE('',#2100,1.6);
#110=CIRCLE('',#2106,1.75);
#111=CIRCLE('',#2108,1.75);
#112=CIRCLE('',#2111,3.3);
#113=CIRCLE('',#2113,3.3);
#114=CIRCLE('',#2116,3.3);
#115=CIRCLE('',#2119,3.3);
#116=CIRCLE('',#2121,7.5);
#117=CIRCLE('',#2122,7.5);
#118=CIRCLE('',#2123,7.5);
#119=CIRCLE('',#2124,7.5);
#120=CIRCLE('',#2136,1.);
#121=CIRCLE('',#2137,1.6);
#122=CIRCLE('',#2138,1.6);
#123=CIRCLE('',#2139,2.6);
#124=CIRCLE('',#2142,1.6);
#125=CIRCLE('',#2147,2.6);
#126=CIRCLE('',#2148,1.);
#127=CIRCLE('',#2149,1.6);
#128=CIRCLE('',#2150,1.6);
#129=CIRCLE('',#2153,1.6);
#130=CYLINDRICAL_SURFACE('',#1989,4.1);
#131=CYLINDRICAL_SURFACE('',#1993,4.1);
#132=CYLINDRICAL_SURFACE('',#1997,4.1);
#133=CYLINDRICAL_SURFACE('',#2001,4.1);
#134=CYLINDRICAL_SURFACE('',#2008,1.1);
#135=CYLINDRICAL_SURFACE('',#2014,1.1);
#136=CYLINDRICAL_SURFACE('',#2020,1.1);
#137=CYLINDRICAL_SURFACE('',#2026,1.1);
#138=CYLINDRICAL_SURFACE('',#2033,5.5);
#139=CYLINDRICAL_SURFACE('',#2036,5.5);
#140=CYLINDRICAL_SURFACE('',#2040,5.5);
#141=CYLINDRICAL_SURFACE('',#2043,5.5);
#142=CYLINDRICAL_SURFACE('',#2046,7.5);
#143=CYLINDRICAL_SURFACE('',#2050,7.5);
#144=CYLINDRICAL_SURFACE('',#2054,7.5);
#145=CYLINDRICAL_SURFACE('',#2058,7.5);
#146=CYLINDRICAL_SURFACE('',#2063,5.4);
#147=CYLINDRICAL_SURFACE('',#2067,5.4);
#148=CYLINDRICAL_SURFACE('',#2071,5.4);
#149=CYLINDRICAL_SURFACE('',#2075,5.4);
#150=CYLINDRICAL_SURFACE('',#2088,1.6);
#151=CYLINDRICAL_SURFACE('',#2099,1.6);
#152=CYLINDRICAL_SURFACE('',#2105,1.75);
#153=CYLINDRICAL_SURFACE('',#2107,1.75);
#154=CYLINDRICAL_SURFACE('',#2110,3.3);
#155=CYLINDRICAL_SURFACE('',#2112,3.3);
#156=CYLINDRICAL_SURFACE('',#2115,3.3);
#157=CYLINDRICAL_SURFACE('',#2118,3.3);
#158=CYLINDRICAL_SURFACE('',#2125,7.5);
#159=CYLINDRICAL_SURFACE('',#2127,7.5);
#160=CYLINDRICAL_SURFACE('',#2129,7.5);
#161=CYLINDRICAL_SURFACE('',#2131,7.5);
#162=CYLINDRICAL_SURFACE('',#2141,1.6);
#163=CYLINDRICAL_SURFACE('',#2152,1.6);
#164=FACE_OUTER_BOUND('',#269,.T.);
#165=FACE_OUTER_BOUND('',#270,.T.);
#166=FACE_OUTER_BOUND('',#271,.T.);
#167=FACE_OUTER_BOUND('',#272,.T.);
#168=FACE_OUTER_BOUND('',#273,.T.);
#169=FACE_OUTER_BOUND('',#274,.T.);
#170=FACE_OUTER_BOUND('',#275,.T.);
#171=FACE_OUTER_BOUND('',#276,.T.);
#172=FACE_OUTER_BOUND('',#277,.T.);
#173=FACE_OUTER_BOUND('',#278,.T.);
#174=FACE_OUTER_BOUND('',#279,.T.);
#175=FACE_OUTER_BOUND('',#280,.T.);
#176=FACE_OUTER_BOUND('',#281,.T.);
#177=FACE_OUTER_BOUND('',#282,.T.);
#178=FACE_OUTER_BOUND('',#283,.T.);
#179=FACE_OUTER_BOUND('',#284,.T.);
#180=FACE_OUTER_BOUND('',#285,.T.);
#181=FACE_OUTER_BOUND('',#286,.T.);
#182=FACE_OUTER_BOUND('',#287,.T.);
#183=FACE_OUTER_BOUND('',#288,.T.);
#184=FACE_OUTER_BOUND('',#289,.T.);
#185=FACE_OUTER_BOUND('',#294,.T.);
#186=FACE_OUTER_BOUND('',#295,.T.);
#187=FACE_OUTER_BOUND('',#297,.T.);
#188=FACE_OUTER_BOUND('',#298,.T.);
#189=FACE_OUTER_BOUND('',#299,.T.);
#190=FACE_OUTER_BOUND('',#300,.T.);
#191=FACE_OUTER_BOUND('',#301,.T.);
#192=FACE_OUTER_BOUND('',#302,.T.);
#193=FACE_OUTER_BOUND('',#303,.T.);
#194=FACE_OUTER_BOUND('',#304,.T.);
#195=FACE_OUTER_BOUND('',#305,.T.);
#196=FACE_OUTER_BOUND('',#306,.T.);
#197=FACE_OUTER_BOUND('',#307,.T.);
#198=FACE_OUTER_BOUND('',#309,.T.);
#199=FACE_OUTER_BOUND('',#310,.T.);
#200=FACE_OUTER_BOUND('',#311,.T.);
#201=FACE_OUTER_BOUND('',#312,.T.);
#202=FACE_OUTER_BOUND('',#314,.T.);
#203=FACE_OUTER_BOUND('',#315,.T.);
#204=FACE_OUTER_BOUND('',#316,.T.);
#205=FACE_OUTER_BOUND('',#317,.T.);
#206=FACE_OUTER_BOUND('',#318,.T.);
#207=FACE_OUTER_BOUND('',#319,.T.);
#208=FACE_OUTER_BOUND('',#320,.T.);
#209=FACE_OUTER_BOUND('',#321,.T.);
#210=FACE_OUTER_BOUND('',#322,.T.);
#211=FACE_OUTER_BOUND('',#323,.T.);
#212=FACE_OUTER_BOUND('',#329,.T.);
#213=FACE_OUTER_BOUND('',#330,.T.);
#214=FACE_OUTER_BOUND('',#332,.T.);
#215=FACE_OUTER_BOUND('',#333,.T.);
#216=FACE_OUTER_BOUND('',#334,.T.);
#217=FACE_OUTER_BOUND('',#335,.T.);
#218=FACE_OUTER_BOUND('',#336,.T.);
#219=FACE_OUTER_BOUND('',#337,.T.);
#220=FACE_OUTER_BOUND('',#338,.T.);
#221=FACE_OUTER_BOUND('',#339,.T.);
#222=FACE_OUTER_BOUND('',#340,.T.);
#223=FACE_OUTER_BOUND('',#341,.T.);
#224=FACE_OUTER_BOUND('',#342,.T.);
#225=FACE_OUTER_BOUND('',#343,.T.);
#226=FACE_OUTER_BOUND('',#344,.T.);
#227=FACE_OUTER_BOUND('',#345,.T.);
#228=FACE_OUTER_BOUND('',#346,.T.);
#229=FACE_OUTER_BOUND('',#347,.T.);
#230=FACE_OUTER_BOUND('',#348,.T.);
#231=FACE_OUTER_BOUND('',#350,.T.);
#232=FACE_OUTER_BOUND('',#351,.T.);
#233=FACE_OUTER_BOUND('',#352,.T.);
#234=FACE_OUTER_BOUND('',#353,.T.);
#235=FACE_OUTER_BOUND('',#354,.T.);
#236=FACE_OUTER_BOUND('',#355,.T.);
#237=FACE_OUTER_BOUND('',#356,.T.);
#238=FACE_OUTER_BOUND('',#357,.T.);
#239=FACE_OUTER_BOUND('',#358,.T.);
#240=FACE_OUTER_BOUND('',#363,.T.);
#241=FACE_OUTER_BOUND('',#364,.T.);
#242=FACE_OUTER_BOUND('',#365,.T.);
#243=FACE_OUTER_BOUND('',#366,.T.);
#244=FACE_OUTER_BOUND('',#367,.T.);
#245=FACE_OUTER_BOUND('',#368,.T.);
#246=FACE_OUTER_BOUND('',#369,.T.);
#247=FACE_OUTER_BOUND('',#370,.T.);
#248=FACE_OUTER_BOUND('',#371,.T.);
#249=FACE_OUTER_BOUND('',#372,.T.);
#250=FACE_OUTER_BOUND('',#374,.T.);
#251=FACE_OUTER_BOUND('',#375,.T.);
#252=FACE_OUTER_BOUND('',#376,.T.);
#253=FACE_OUTER_BOUND('',#377,.T.);
#254=FACE_OUTER_BOUND('',#378,.T.);
#255=FACE_OUTER_BOUND('',#379,.T.);
#256=FACE_OUTER_BOUND('',#380,.T.);
#257=FACE_OUTER_BOUND('',#381,.T.);
#258=FACE_OUTER_BOUND('',#382,.T.);
#259=FACE_OUTER_BOUND('',#383,.T.);
#260=FACE_OUTER_BOUND('',#384,.T.);
#261=FACE_OUTER_BOUND('',#387,.T.);
#262=FACE_OUTER_BOUND('',#388,.T.);
#263=FACE_OUTER_BOUND('',#389,.T.);
#264=FACE_OUTER_BOUND('',#390,.T.);
#265=FACE_OUTER_BOUND('',#391,.T.);
#266=FACE_OUTER_BOUND('',#392,.T.);
#267=FACE_OUTER_BOUND('',#393,.T.);
#268=FACE_OUTER_BOUND('',#394,.T.);
#269=EDGE_LOOP('',(#1247,#1248,#1249,#1250));
#270=EDGE_LOOP('',(#1251,#1252,#1253,#1254));
#271=EDGE_LOOP('',(#1255,#1256,#1257,#1258));
#272=EDGE_LOOP('',(#1259,#1260,#1261,#1262));
#273=EDGE_LOOP('',(#1263,#1264,#1265,#1266));
#274=EDGE_LOOP('',(#1267,#1268,#1269,#1270));
#275=EDGE_LOOP('',(#1271,#1272,#1273,#1274));
#276=EDGE_LOOP('',(#1275,#1276,#1277,#1278));
#277=EDGE_LOOP('',(#1279,#1280,#1281,#1282));
#278=EDGE_LOOP('',(#1283));
#279=EDGE_LOOP('',(#1284,#1285,#1286,#1287));
#280=EDGE_LOOP('',(#1288,#1289,#1290,#1291));
#281=EDGE_LOOP('',(#1292));
#282=EDGE_LOOP('',(#1293,#1294,#1295,#1296));
#283=EDGE_LOOP('',(#1297,#1298,#1299,#1300));
#284=EDGE_LOOP('',(#1301));
#285=EDGE_LOOP('',(#1302,#1303,#1304,#1305));
#286=EDGE_LOOP('',(#1306,#1307,#1308,#1309));
#287=EDGE_LOOP('',(#1310));
#288=EDGE_LOOP('',(#1311,#1312,#1313,#1314));
#289=EDGE_LOOP('',(#1315,#1316,#1317,#1318,#1319,#1320,#1321,#1322));
#290=EDGE_LOOP('',(#1323));
#291=EDGE_LOOP('',(#1324));
#292=EDGE_LOOP('',(#1325));
#293=EDGE_LOOP('',(#1326));
#294=EDGE_LOOP('',(#1327,#1328,#1329,#1330));
#295=EDGE_LOOP('',(#1331,#1332,#1333,#1334));
#296=EDGE_LOOP('',(#1335,#1336,#1337,#1338,#1339,#1340,#1341,#1342));
#297=EDGE_LOOP('',(#1343,#1344,#1345,#1346));
#298=EDGE_LOOP('',(#1347,#1348,#1349,#1350));
#299=EDGE_LOOP('',(#1351,#1352,#1353,#1354));
#300=EDGE_LOOP('',(#1355,#1356,#1357,#1358));
#301=EDGE_LOOP('',(#1359,#1360,#1361,#1362));
#302=EDGE_LOOP('',(#1363,#1364,#1365,#1366));
#303=EDGE_LOOP('',(#1367,#1368,#1369,#1370));
#304=EDGE_LOOP('',(#1371,#1372,#1373,#1374));
#305=EDGE_LOOP('',(#1375,#1376,#1377,#1378));
#306=EDGE_LOOP('',(#1379,#1380,#1381,#1382));
#307=EDGE_LOOP('',(#1383,#1384,#1385,#1386));
#308=EDGE_LOOP('',(#1387,#1388,#1389,#1390,#1391,#1392,#1393,#1394));
#309=EDGE_LOOP('',(#1395,#1396,#1397,#1398));
#310=EDGE_LOOP('',(#1399,#1400,#1401,#1402));
#311=EDGE_LOOP('',(#1403,#1404,#1405,#1406));
#312=EDGE_LOOP('',(#1407,#1408,#1409,#1410,#1411,#1412,#1413,#1414));
#313=EDGE_LOOP('',(#1415,#1416,#1417,#1418,#1419,#1420,#1421,#1422));
#314=EDGE_LOOP('',(#1423,#1424,#1425,#1426,#1427,#1428,#1429,#1430));
#315=EDGE_LOOP('',(#1431,#1432,#1433,#1434));
#316=EDGE_LOOP('',(#1435,#1436,#1437,#1438));
#317=EDGE_LOOP('',(#1439,#1440,#1441,#1442));
#318=EDGE_LOOP('',(#1443,#1444,#1445,#1446));
#319=EDGE_LOOP('',(#1447,#1448,#1449,#1450));
#320=EDGE_LOOP('',(#1451,#1452,#1453,#1454));
#321=EDGE_LOOP('',(#1455,#1456,#1457,#1458));
#322=EDGE_LOOP('',(#1459,#1460,#1461,#1462));
#323=EDGE_LOOP('',(#1463,#1464,#1465,#1466,#1467,#1468,#1469,#1470));
#324=EDGE_LOOP('',(#1471));
#325=EDGE_LOOP('',(#1472));
#326=EDGE_LOOP('',(#1473,#1474,#1475,#1476));
#327=EDGE_LOOP('',(#1477));
#328=EDGE_LOOP('',(#1478));
#329=EDGE_LOOP('',(#1479,#1480,#1481,#1482,#1483,#1484,#1485,#1486));
#330=EDGE_LOOP('',(#1487,#1488,#1489,#1490,#1491,#1492,#1493,#1494));
#331=EDGE_LOOP('',(#1495,#1496,#1497,#1498,#1499,#1500,#1501,#1502,#1503,
#1504));
#332=EDGE_LOOP('',(#1505,#1506,#1507,#1508));
#333=EDGE_LOOP('',(#1509,#1510,#1511,#1512));
#334=EDGE_LOOP('',(#1513,#1514,#1515,#1516));
#335=EDGE_LOOP('',(#1517,#1518,#1519,#1520));
#336=EDGE_LOOP('',(#1521,#1522,#1523,#1524));
#337=EDGE_LOOP('',(#1525,#1526,#1527,#1528));
#338=EDGE_LOOP('',(#1529,#1530,#1531,#1532));
#339=EDGE_LOOP('',(#1533,#1534,#1535,#1536));
#340=EDGE_LOOP('',(#1537,#1538,#1539,#1540));
#341=EDGE_LOOP('',(#1541,#1542,#1543,#1544));
#342=EDGE_LOOP('',(#1545,#1546,#1547,#1548));
#343=EDGE_LOOP('',(#1549,#1550,#1551,#1552));
#344=EDGE_LOOP('',(#1553,#1554,#1555,#1556));
#345=EDGE_LOOP('',(#1557,#1558,#1559,#1560));
#346=EDGE_LOOP('',(#1561,#1562,#1563,#1564));
#347=EDGE_LOOP('',(#1565,#1566,#1567,#1568));
#348=EDGE_LOOP('',(#1569,#1570,#1571,#1572,#1573,#1574,#1575,#1576));
#349=EDGE_LOOP('',(#1577,#1578,#1579,#1580,#1581,#1582,#1583,#1584));
#350=EDGE_LOOP('',(#1585,#1586,#1587,#1588));
#351=EDGE_LOOP('',(#1589,#1590,#1591,#1592));
#352=EDGE_LOOP('',(#1593,#1594,#1595,#1596));
#353=EDGE_LOOP('',(#1597,#1598,#1599,#1600));
#354=EDGE_LOOP('',(#1601,#1602,#1603,#1604));
#355=EDGE_LOOP('',(#1605,#1606,#1607,#1608));
#356=EDGE_LOOP('',(#1609,#1610,#1611,#1612));
#357=EDGE_LOOP('',(#1613,#1614,#1615,#1616));
#358=EDGE_LOOP('',(#1617,#1618,#1619,#1620,#1621,#1622,#1623,#1624,#1625,
#1626,#1627));
#359=EDGE_LOOP('',(#1628));
#360=EDGE_LOOP('',(#1629,#1630,#1631,#1632));
#361=EDGE_LOOP('',(#1633));
#362=EDGE_LOOP('',(#1634));
#363=EDGE_LOOP('',(#1635,#1636,#1637,#1638,#1639));
#364=EDGE_LOOP('',(#1640,#1641,#1642,#1643,#1644,#1645));
#365=EDGE_LOOP('',(#1646,#1647,#1648,#1649,#1650,#1651,#1652));
#366=EDGE_LOOP('',(#1653,#1654,#1655,#1656,#1657,#1658,#1659,#1660));
#367=EDGE_LOOP('',(#1661,#1662,#1663,#1664,#1665));
#368=EDGE_LOOP('',(#1666,#1667,#1668,#1669));
#369=EDGE_LOOP('',(#1670,#1671,#1672,#1673));
#370=EDGE_LOOP('',(#1674,#1675,#1676,#1677,#1678,#1679,#1680,#1681));
#371=EDGE_LOOP('',(#1682,#1683,#1684,#1685,#1686));
#372=EDGE_LOOP('',(#1687,#1688,#1689,#1690));
#373=EDGE_LOOP('',(#1691));
#374=EDGE_LOOP('',(#1692,#1693,#1694,#1695,#1696));
#375=EDGE_LOOP('',(#1697,#1698,#1699,#1700));
#376=EDGE_LOOP('',(#1701,#1702,#1703,#1704));
#377=EDGE_LOOP('',(#1705,#1706,#1707,#1708,#1709,#1710,#1711,#1712));
#378=EDGE_LOOP('',(#1713,#1714,#1715,#1716));
#379=EDGE_LOOP('',(#1717,#1718,#1719,#1720));
#380=EDGE_LOOP('',(#1721,#1722,#1723,#1724,#1725,#1726,#1727,#1728));
#381=EDGE_LOOP('',(#1729,#1730,#1731,#1732));
#382=EDGE_LOOP('',(#1733,#1734,#1735,#1736));
#383=EDGE_LOOP('',(#1737,#1738,#1739,#1740,#1741,#1742,#1743,#1744));
#384=EDGE_LOOP('',(#1745,#1746,#1747,#1748,#1749,#1750,#1751,#1752,#1753,
#1754,#1755,#1756,#1757,#1758,#1759,#1760,#1761,#1762,#1763,#1764));
#385=EDGE_LOOP('',(#1765));
#386=EDGE_LOOP('',(#1766));
#387=EDGE_LOOP('',(#1767,#1768,#1769,#1770));
#388=EDGE_LOOP('',(#1771,#1772,#1773,#1774));
#389=EDGE_LOOP('',(#1775,#1776,#1777,#1778,#1779,#1780));
#390=EDGE_LOOP('',(#1781,#1782,#1783,#1784,#1785,#1786));
#391=EDGE_LOOP('',(#1787,#1788,#1789,#1790));
#392=EDGE_LOOP('',(#1791,#1792,#1793,#1794));
#393=EDGE_LOOP('',(#1795,#1796,#1797,#1798));
#394=EDGE_LOOP('',(#1799,#1800,#1801,#1802));
#395=LINE('',#2741,#590);
#396=LINE('',#2743,#591);
#397=LINE('',#2745,#592);
#398=LINE('',#2746,#593);
#399=LINE('',#2752,#594);
#400=LINE('',#2755,#595);
#401=LINE('',#2757,#596);
#402=LINE('',#2758,#597);
#403=LINE('',#2764,#598);
#404=LINE('',#2767,#599);
#405=LINE('',#2769,#600);
#406=LINE('',#2770,#601);
#407=LINE('',#2776,#602);
#408=LINE('',#2779,#603);
#409=LINE('',#2781,#604);
#410=LINE('',#2782,#605);
#411=LINE('',#2790,#606);
#412=LINE('',#2795,#607);
#413=LINE('',#2801,#608);
#414=LINE('',#2806,#609);
#415=LINE('',#2812,#610);
#416=LINE('',#2817,#611);
#417=LINE('',#2823,#612);
#418=LINE('',#2828,#613);
#419=LINE('',#2835,#614);
#420=LINE('',#2839,#615);
#421=LINE('',#2843,#616);
#422=LINE('',#2846,#617);
#423=LINE('',#2849,#618);
#424=LINE('',#2852,#619);
#425=LINE('',#2855,#620);
#426=LINE('',#2856,#621);
#427=LINE('',#2859,#622);
#428=LINE('',#2863,#623);
#429=LINE('',#2864,#624);
#430=LINE('',#2867,#625);
#431=LINE('',#2868,#626);
#432=LINE('',#2872,#627);
#433=LINE('',#2875,#628);
#434=LINE('',#2876,#629);
#435=LINE('',#2882,#630);
#436=LINE('',#2884,#631);
#437=LINE('',#2886,#632);
#438=LINE('',#2887,#633);
#439=LINE('',#2893,#634);
#440=LINE('',#2896,#635);
#441=LINE('',#2898,#636);
#442=LINE('',#2899,#637);
#443=LINE('',#2905,#638);
#444=LINE('',#2908,#639);
#445=LINE('',#2910,#640);
#446=LINE('',#2911,#641);
#447=LINE('',#2917,#642);
#448=LINE('',#2920,#643);
#449=LINE('',#2922,#644);
#450=LINE('',#2923,#645);
#451=LINE('',#2934,#646);
#452=LINE('',#2937,#647);
#453=LINE('',#2940,#648);
#454=LINE('',#2942,#649);
#455=LINE('',#2943,#650);
#456=LINE('',#2948,#651);
#457=LINE('',#2952,#652);
#458=LINE('',#2954,#653);
#459=LINE('',#2955,#654);
#460=LINE('',#2960,#655);
#461=LINE('',#2964,#656);
#462=LINE('',#2966,#657);
#463=LINE('',#2967,#658);
#464=LINE('',#2972,#659);
#465=LINE('',#2975,#660);
#466=LINE('',#2976,#661);
#467=LINE('',#2980,#662);
#468=LINE('',#2984,#663);
#469=LINE('',#2988,#664);
#470=LINE('',#2992,#665);
#471=LINE('',#3000,#666);
#472=LINE('',#3002,#667);
#473=LINE('',#3004,#668);
#474=LINE('',#3005,#669);
#475=LINE('',#3012,#670);
#476=LINE('',#3016,#671);
#477=LINE('',#3020,#672);
#478=LINE('',#3024,#673);
#479=LINE('',#3028,#674);
#480=LINE('',#3032,#675);
#481=LINE('',#3036,#676);
#482=LINE('',#3039,#677);
#483=LINE('',#3042,#678);
#484=LINE('',#3043,#679);
#485=LINE('',#3046,#680);
#486=LINE('',#3047,#681);
#487=LINE('',#3050,#682);
#488=LINE('',#3054,#683);
#489=LINE('',#3056,#684);
#490=LINE('',#3057,#685);
#491=LINE('',#3060,#686);
#492=LINE('',#3061,#687);
#493=LINE('',#3064,#688);
#494=LINE('',#3065,#689);
#495=LINE('',#3067,#690);
#496=LINE('',#3070,#691);
#497=LINE('',#3074,#692);
#498=LINE('',#3079,#693);
#499=LINE('',#3080,#694);
#500=LINE('',#3081,#695);
#501=LINE('',#3087,#696);
#502=LINE('',#3090,#697);
#503=LINE('',#3091,#698);
#504=LINE('',#3095,#699);
#505=LINE('',#3098,#700);
#506=LINE('',#3099,#701);
#507=LINE('',#3105,#702);
#508=LINE('',#3109,#703);
#509=LINE('',#3113,#704);
#510=LINE('',#3117,#705);
#511=LINE('',#3120,#706);
#512=LINE('',#3121,#707);
#513=LINE('',#3123,#708);
#514=LINE('',#3125,#709);
#515=LINE('',#3127,#710);
#516=LINE('',#3129,#711);
#517=LINE('',#3131,#712);
#518=LINE('',#3133,#713);
#519=LINE('',#3168,#714);
#520=LINE('',#3184,#715);
#521=LINE('',#3194,#716);
#522=LINE('',#3196,#717);
#523=LINE('',#3198,#718);
#524=LINE('',#3200,#719);
#525=LINE('',#3201,#720);
#526=LINE('',#3211,#721);
#527=LINE('',#3213,#722);
#528=LINE('',#3214,#723);
#529=LINE('',#3217,#724);
#530=LINE('',#3221,#725);
#531=LINE('',#3222,#726);
#532=LINE('',#3225,#727);
#533=LINE('',#3226,#728);
#534=LINE('',#3229,#729);
#535=LINE('',#3231,#730);
#536=LINE('',#3233,#731);
#537=LINE('',#3235,#732);
#538=LINE('',#3236,#733);
#539=LINE('',#3248,#734);
#540=LINE('',#3250,#735);
#541=LINE('',#3252,#736);
#542=LINE('',#3253,#737);
#543=LINE('',#3256,#738);
#544=LINE('',#3260,#739);
#545=LINE('',#3262,#740);
#546=LINE('',#3263,#741);
#547=LINE('',#3266,#742);
#548=LINE('',#3268,#743);
#549=LINE('',#3269,#744);
#550=LINE('',#3272,#745);
#551=LINE('',#3274,#746);
#552=LINE('',#3276,#747);
#553=LINE('',#3278,#748);
#554=LINE('',#3279,#749);
#555=LINE('',#3283,#750);
#556=LINE('',#3285,#751);
#557=LINE('',#3287,#752);
#558=LINE('',#3288,#753);
#559=LINE('',#3291,#754);
#560=LINE('',#3293,#755);
#561=LINE('',#3294,#756);
#562=LINE('',#3297,#757);
#563=LINE('',#3299,#758);
#564=LINE('',#3301,#759);
#565=LINE('',#3303,#760);
#566=LINE('',#3305,#761);
#567=LINE('',#3306,#762);
#568=LINE('',#3309,#763);
#569=LINE('',#3310,#764);
#570=LINE('',#3312,#765);
#571=LINE('',#3313,#766);
#572=LINE('',#3316,#767);
#573=LINE('',#3318,#768);
#574=LINE('',#3320,#769);
#575=LINE('',#3322,#770);
#576=LINE('',#3323,#771);
#577=LINE('',#3326,#772);
#578=LINE('',#3328,#773);
#579=LINE('',#3329,#774);
#580=LINE('',#3330,#775);
#581=LINE('',#3332,#776);
#582=LINE('',#3334,#777);
#583=LINE('',#3335,#778);
#584=LINE('',#3338,#779);
#585=LINE('',#3339,#780);
#586=LINE('',#3341,#781);
#587=LINE('',#3342,#782);
#588=LINE('',#3344,#783);
#589=LINE('',#3345,#784);
#590=VECTOR('',#2176,10.);
#591=VECTOR('',#2177,10.);
#592=VECTOR('',#2178,10.);
#593=VECTOR('',#2179,10.);
#594=VECTOR('',#2186,10.);
#595=VECTOR('',#2189,10.);
#596=VECTOR('',#2190,10.);
#597=VECTOR('',#2191,10.);
#598=VECTOR('',#2198,10.);
#599=VECTOR('',#2201,10.);
#600=VECTOR('',#2202,10.);
#601=VECTOR('',#2203,10.);
#602=VECTOR('',#2210,10.);
#603=VECTOR('',#2213,10.);
#604=VECTOR('',#2214,10.);
#605=VECTOR('',#2215,10.);
#606=VECTOR('',#2226,0.600000000000001);
#607=VECTOR('',#2233,1.1);
#608=VECTOR('',#2240,0.600000000000001);
#609=VECTOR('',#2247,1.1);
#610=VECTOR('',#2254,0.600000000000001);
#611=VECTOR('',#2261,1.1);
#612=VECTOR('',#2268,0.600000000000001);
#613=VECTOR('',#2275,1.1);
#614=VECTOR('',#2282,10.);
#615=VECTOR('',#2285,10.);
#616=VECTOR('',#2288,10.);
#617=VECTOR('',#2291,10.);
#618=VECTOR('',#2294,10.);
#619=VECTOR('',#2297,10.);
#620=VECTOR('',#2300,10.);
#621=VECTOR('',#2301,10.);
#622=VECTOR('',#2304,10.);
#623=VECTOR('',#2309,10.);
#624=VECTOR('',#2310,10.);
#625=VECTOR('',#2313,10.);
#626=VECTOR('',#2314,10.);
#627=VECTOR('',#2319,10.);
#628=VECTOR('',#2322,10.);
#629=VECTOR('',#2323,10.);
#630=VECTOR('',#2330,10.);
#631=VECTOR('',#2331,10.);
#632=VECTOR('',#2332,10.);
#633=VECTOR('',#2333,10.);
#634=VECTOR('',#2340,10.);
#635=VECTOR('',#2343,10.);
#636=VECTOR('',#2344,10.);
#637=VECTOR('',#2345,10.);
#638=VECTOR('',#2352,10.);
#639=VECTOR('',#2355,10.);
#640=VECTOR('',#2356,10.);
#641=VECTOR('',#2357,10.);
#642=VECTOR('',#2364,10.);
#643=VECTOR('',#2367,10.);
#644=VECTOR('',#2368,10.);
#645=VECTOR('',#2369,10.);
#646=VECTOR('',#2384,10.);
#647=VECTOR('',#2387,10.);
#648=VECTOR('',#2390,10.);
#649=VECTOR('',#2391,10.);
#650=VECTOR('',#2392,10.);
#651=VECTOR('',#2397,10.);
#652=VECTOR('',#2402,10.);
#653=VECTOR('',#2403,10.);
#654=VECTOR('',#2404,10.);
#655=VECTOR('',#2409,10.);
#656=VECTOR('',#2414,10.);
#657=VECTOR('',#2415,10.);
#658=VECTOR('',#2416,10.);
#659=VECTOR('',#2421,10.);
#660=VECTOR('',#2426,10.);
#661=VECTOR('',#2427,10.);
#662=VECTOR('',#2430,10.);
#663=VECTOR('',#2433,10.);
#664=VECTOR('',#2436,10.);
#665=VECTOR('',#2439,10.);
#666=VECTOR('',#2446,10.);
#667=VECTOR('',#2447,10.);
#668=VECTOR('',#2448,10.);
#669=VECTOR('',#2449,10.);
#670=VECTOR('',#2456,1.6);
#671=VECTOR('',#2459,10.);
#672=VECTOR('',#2462,10.);
#673=VECTOR('',#2467,10.);
#674=VECTOR('',#2470,10.);
#675=VECTOR('',#2473,10.);
#676=VECTOR('',#2476,10.);
#677=VECTOR('',#2479,10.);
#678=VECTOR('',#2482,10.);
#679=VECTOR('',#2483,10.);
#680=VECTOR('',#2486,10.);
#681=VECTOR('',#2487,10.);
#682=VECTOR('',#2490,1.6);
#683=VECTOR('',#2495,10.);
#684=VECTOR('',#2496,10.);
#685=VECTOR('',#2497,10.);
#686=VECTOR('',#2500,10.);
#687=VECTOR('',#2501,10.);
#688=VECTOR('',#2504,10.);
#689=VECTOR('',#2505,10.);
#690=VECTOR('',#2508,10.);
#691=VECTOR('',#2511,1.75);
#692=VECTOR('',#2516,1.75);
#693=VECTOR('',#2521,10.);
#694=VECTOR('',#2522,10.);
#695=VECTOR('',#2523,10.);
#696=VECTOR('',#2532,10.);
#697=VECTOR('',#2535,10.);
#698=VECTOR('',#2536,10.);
#699=VECTOR('',#2541,10.);
#700=VECTOR('',#2544,10.);
#701=VECTOR('',#2545,10.);
#702=VECTOR('',#2552,10.);
#703=VECTOR('',#2555,10.);
#704=VECTOR('',#2558,10.);
#705=VECTOR('',#2561,10.);
#706=VECTOR('',#2566,10.);
#707=VECTOR('',#2567,10.);
#708=VECTOR('',#2570,10.);
#709=VECTOR('',#2573,10.);
#710=VECTOR('',#2576,10.);
#711=VECTOR('',#2579,10.);
#712=VECTOR('',#2582,10.);
#713=VECTOR('',#2585,10.);
#714=VECTOR('',#2590,10.);
#715=VECTOR('',#2591,10.);
#716=VECTOR('',#2594,10.);
#717=VECTOR('',#2595,10.);
#718=VECTOR('',#2596,10.);
#719=VECTOR('',#2597,10.);
#720=VECTOR('',#2598,10.);
#721=VECTOR('',#2611,10.);
#722=VECTOR('',#2612,10.);
#723=VECTOR('',#2613,10.);
#724=VECTOR('',#2616,1.6);
#725=VECTOR('',#2621,10.);
#726=VECTOR('',#2622,10.);
#727=VECTOR('',#2625,10.);
#728=VECTOR('',#2626,10.);
#729=VECTOR('',#2629,10.);
#730=VECTOR('',#2630,10.);
#731=VECTOR('',#2631,10.);
#732=VECTOR('',#2632,10.);
#733=VECTOR('',#2633,10.);
#734=VECTOR('',#2646,10.);
#735=VECTOR('',#2647,10.);
#736=VECTOR('',#2648,10.);
#737=VECTOR('',#2649,10.);
#738=VECTOR('',#2652,1.6);
#739=VECTOR('',#2657,10.);
#740=VECTOR('',#2658,10.);
#741=VECTOR('',#2659,10.);
#742=VECTOR('',#2662,10.);
#743=VECTOR('',#2663,10.);
#744=VECTOR('',#2664,10.);
#745=VECTOR('',#2667,10.);
#746=VECTOR('',#2668,10.);
#747=VECTOR('',#2669,10.);
#748=VECTOR('',#2670,10.);
#749=VECTOR('',#2671,10.);
#750=VECTOR('',#2674,10.);
#751=VECTOR('',#2675,10.);
#752=VECTOR('',#2676,10.);
#753=VECTOR('',#2677,10.);
#754=VECTOR('',#2680,10.);
#755=VECTOR('',#2681,10.);
#756=VECTOR('',#2682,10.);
#757=VECTOR('',#2685,10.);
#758=VECTOR('',#2686,10.);
#759=VECTOR('',#2687,10.);
#760=VECTOR('',#2688,10.);
#761=VECTOR('',#2689,10.);
#762=VECTOR('',#2690,10.);
#763=VECTOR('',#2693,10.);
#764=VECTOR('',#2694,10.);
#765=VECTOR('',#2697,10.);
#766=VECTOR('',#2698,10.);
#767=VECTOR('',#2701,10.);
#768=VECTOR('',#2702,10.);
#769=VECTOR('',#2703,10.);
#770=VECTOR('',#2704,10.);
#771=VECTOR('',#2705,10.);
#772=VECTOR('',#2708,10.);
#773=VECTOR('',#2709,10.);
#774=VECTOR('',#2710,10.);
#775=VECTOR('',#2711,10.);
#776=VECTOR('',#2712,10.);
#777=VECTOR('',#2713,10.);
#778=VECTOR('',#2714,10.);
#779=VECTOR('',#2719,10.);
#780=VECTOR('',#2720,10.);
#781=VECTOR('',#2723,10.);
#782=VECTOR('',#2724,10.);
#783=VECTOR('',#2727,10.);
#784=VECTOR('',#2728,10.);
#785=VERTEX_POINT('',#2739);
#786=VERTEX_POINT('',#2740);
#787=VERTEX_POINT('',#2742);
#788=VERTEX_POINT('',#2744);
#789=VERTEX_POINT('',#2748);
#790=VERTEX_POINT('',#2750);
#791=VERTEX_POINT('',#2754);
#792=VERTEX_POINT('',#2756);
#793=VERTEX_POINT('',#2760);
#794=VERTEX_POINT('',#2762);
#795=VERTEX_POINT('',#2766);
#796=VERTEX_POINT('',#2768);
#797=VERTEX_POINT('',#2772);
#798=VERTEX_POINT('',#2774);
#799=VERTEX_POINT('',#2778);
#800=VERTEX_POINT('',#2780);
#801=VERTEX_POINT('',#2787);
#802=VERTEX_POINT('',#2789);
#803=VERTEX_POINT('',#2794);
#804=VERTEX_POINT('',#2798);
#805=VERTEX_POINT('',#2800);
#806=VERTEX_POINT('',#2805);
#807=VERTEX_POINT('',#2809);
#808=VERTEX_POINT('',#2811);
#809=VERTEX_POINT('',#2816);
#810=VERTEX_POINT('',#2820);
#811=VERTEX_POINT('',#2822);
#812=VERTEX_POINT('',#2827);
#813=VERTEX_POINT('',#2831);
#814=VERTEX_POINT('',#2832);
#815=VERTEX_POINT('',#2834);
#816=VERTEX_POINT('',#2836);
#817=VERTEX_POINT('',#2838);
#818=VERTEX_POINT('',#2840);
#819=VERTEX_POINT('',#2842);
#820=VERTEX_POINT('',#2844);
#821=VERTEX_POINT('',#2848);
#822=VERTEX_POINT('',#2850);
#823=VERTEX_POINT('',#2854);
#824=VERTEX_POINT('',#2858);
#825=VERTEX_POINT('',#2862);
#826=VERTEX_POINT('',#2866);
#827=VERTEX_POINT('',#2870);
#828=VERTEX_POINT('',#2874);
#829=VERTEX_POINT('',#2880);
#830=VERTEX_POINT('',#2881);
#831=VERTEX_POINT('',#2883);
#832=VERTEX_POINT('',#2885);
#833=VERTEX_POINT('',#2889);
#834=VERTEX_POINT('',#2891);
#835=VERTEX_POINT('',#2895);
#836=VERTEX_POINT('',#2897);
#837=VERTEX_POINT('',#2901);
#838=VERTEX_POINT('',#2903);
#839=VERTEX_POINT('',#2907);
#840=VERTEX_POINT('',#2909);
#841=VERTEX_POINT('',#2913);
#842=VERTEX_POINT('',#2915);
#843=VERTEX_POINT('',#2919);
#844=VERTEX_POINT('',#2921);
#845=VERTEX_POINT('',#2930);
#846=VERTEX_POINT('',#2931);
#847=VERTEX_POINT('',#2933);
#848=VERTEX_POINT('',#2935);
#849=VERTEX_POINT('',#2939);
#850=VERTEX_POINT('',#2941);
#851=VERTEX_POINT('',#2945);
#852=VERTEX_POINT('',#2947);
#853=VERTEX_POINT('',#2951);
#854=VERTEX_POINT('',#2953);
#855=VERTEX_POINT('',#2957);
#856=VERTEX_POINT('',#2959);
#857=VERTEX_POINT('',#2963);
#858=VERTEX_POINT('',#2965);
#859=VERTEX_POINT('',#2969);
#860=VERTEX_POINT('',#2971);
#861=VERTEX_POINT('',#2978);
#862=VERTEX_POINT('',#2979);
#863=VERTEX_POINT('',#2981);
#864=VERTEX_POINT('',#2983);
#865=VERTEX_POINT('',#2985);
#866=VERTEX_POINT('',#2987);
#867=VERTEX_POINT('',#2989);
#868=VERTEX_POINT('',#2991);
#869=VERTEX_POINT('',#2994);
#870=VERTEX_POINT('',#2996);
#871=VERTEX_POINT('',#2998);
#872=VERTEX_POINT('',#2999);
#873=VERTEX_POINT('',#3001);
#874=VERTEX_POINT('',#3003);
#875=VERTEX_POINT('',#3006);
#876=VERTEX_POINT('',#3008);
#877=VERTEX_POINT('',#3011);
#878=VERTEX_POINT('',#3013);
#879=VERTEX_POINT('',#3015);
#880=VERTEX_POINT('',#3017);
#881=VERTEX_POINT('',#3019);
#882=VERTEX_POINT('',#3023);
#883=VERTEX_POINT('',#3025);
#884=VERTEX_POINT('',#3027);
#885=VERTEX_POINT('',#3029);
#886=VERTEX_POINT('',#3031);
#887=VERTEX_POINT('',#3033);
#888=VERTEX_POINT('',#3035);
#889=VERTEX_POINT('',#3037);
#890=VERTEX_POINT('',#3041);
#891=VERTEX_POINT('',#3045);
#892=VERTEX_POINT('',#3049);
#893=VERTEX_POINT('',#3053);
#894=VERTEX_POINT('',#3055);
#895=VERTEX_POINT('',#3059);
#896=VERTEX_POINT('',#3063);
#897=VERTEX_POINT('',#3069);
#898=VERTEX_POINT('',#3073);
#899=VERTEX_POINT('',#3077);
#900=VERTEX_POINT('',#3078);
#901=VERTEX_POINT('',#3085);
#902=VERTEX_POINT('',#3089);
#903=VERTEX_POINT('',#3093);
#904=VERTEX_POINT('',#3097);
#905=VERTEX_POINT('',#3103);
#906=VERTEX_POINT('',#3104);
#907=VERTEX_POINT('',#3106);
#908=VERTEX_POINT('',#3108);
#909=VERTEX_POINT('',#3110);
#910=VERTEX_POINT('',#3112);
#911=VERTEX_POINT('',#3114);
#912=VERTEX_POINT('',#3116);
#913=VERTEX_POINT('',#3158);
#914=VERTEX_POINT('',#3159);
#915=VERTEX_POINT('',#3167);
#916=VERTEX_POINT('',#3169);
#917=VERTEX_POINT('',#3183);
#918=VERTEX_POINT('',#3193);
#919=VERTEX_POINT('',#3195);
#920=VERTEX_POINT('',#3197);
#921=VERTEX_POINT('',#3199);
#922=VERTEX_POINT('',#3203);
#923=VERTEX_POINT('',#3205);
#924=VERTEX_POINT('',#3210);
#925=VERTEX_POINT('',#3212);
#926=VERTEX_POINT('',#3216);
#927=VERTEX_POINT('',#3220);
#928=VERTEX_POINT('',#3224);
#929=VERTEX_POINT('',#3228);
#930=VERTEX_POINT('',#3230);
#931=VERTEX_POINT('',#3232);
#932=VERTEX_POINT('',#3234);
#933=VERTEX_POINT('',#3238);
#934=VERTEX_POINT('',#3240);
#935=VERTEX_POINT('',#3242);
#936=VERTEX_POINT('',#3246);
#937=VERTEX_POINT('',#3247);
#938=VERTEX_POINT('',#3249);
#939=VERTEX_POINT('',#3251);
#940=VERTEX_POINT('',#3255);
#941=VERTEX_POINT('',#3259);
#942=VERTEX_POINT('',#3261);
#943=VERTEX_POINT('',#3265);
#944=VERTEX_POINT('',#3267);
#945=VERTEX_POINT('',#3271);
#946=VERTEX_POINT('',#3273);
#947=VERTEX_POINT('',#3275);
#948=VERTEX_POINT('',#3277);
#949=VERTEX_POINT('',#3281);
#950=VERTEX_POINT('',#3282);
#951=VERTEX_POINT('',#3284);
#952=VERTEX_POINT('',#3286);
#953=VERTEX_POINT('',#3290);
#954=VERTEX_POINT('',#3292);
#955=VERTEX_POINT('',#3296);
#956=VERTEX_POINT('',#3298);
#957=VERTEX_POINT('',#3300);
#958=VERTEX_POINT('',#3302);
#959=VERTEX_POINT('',#3304);
#960=VERTEX_POINT('',#3308);
#961=VERTEX_POINT('',#3315);
#962=VERTEX_POINT('',#3317);
#963=VERTEX_POINT('',#3319);
#964=VERTEX_POINT('',#3321);
#965=VERTEX_POINT('',#3325);
#966=VERTEX_POINT('',#3327);
#967=VERTEX_POINT('',#3331);
#968=VERTEX_POINT('',#3333);
#969=EDGE_CURVE('',#785,#786,#395,.T.);
#970=EDGE_CURVE('',#787,#785,#396,.T.);
#971=EDGE_CURVE('',#788,#787,#397,.T.);
#972=EDGE_CURVE('',#788,#786,#398,.T.);
#973=EDGE_CURVE('',#786,#789,#50,.T.);
#974=EDGE_CURVE('',#790,#788,#51,.T.);
#975=EDGE_CURVE('',#790,#789,#399,.T.);
#976=EDGE_CURVE('',#789,#791,#400,.T.);
#977=EDGE_CURVE('',#792,#790,#401,.T.);
#978=EDGE_CURVE('',#792,#791,#402,.T.);
#979=EDGE_CURVE('',#791,#793,#52,.T.);
#980=EDGE_CURVE('',#794,#792,#53,.T.);
#981=EDGE_CURVE('',#793,#794,#403,.T.);
#982=EDGE_CURVE('',#793,#795,#404,.T.);
#983=EDGE_CURVE('',#796,#794,#405,.T.);
#984=EDGE_CURVE('',#796,#795,#406,.T.);
#985=EDGE_CURVE('',#795,#797,#54,.T.);
#986=EDGE_CURVE('',#798,#796,#55,.T.);
#987=EDGE_CURVE('',#798,#797,#407,.T.);
#988=EDGE_CURVE('',#797,#799,#408,.T.);
#989=EDGE_CURVE('',#800,#798,#409,.T.);
#990=EDGE_CURVE('',#800,#799,#410,.T.);
#991=EDGE_CURVE('',#799,#785,#56,.T.);
#992=EDGE_CURVE('',#787,#800,#57,.T.);
#993=EDGE_CURVE('',#801,#801,#58,.T.);
#994=EDGE_CURVE('',#801,#802,#411,.T.);
#995=EDGE_CURVE('',#802,#802,#59,.T.);
#996=EDGE_CURVE('',#802,#803,#412,.T.);
#997=EDGE_CURVE('',#803,#803,#60,.T.);
#998=EDGE_CURVE('',#804,#804,#61,.T.);
#999=EDGE_CURVE('',#804,#805,#413,.T.);
#1000=EDGE_CURVE('',#805,#805,#62,.T.);
#1001=EDGE_CURVE('',#805,#806,#414,.T.);
#1002=EDGE_CURVE('',#806,#806,#63,.T.);
#1003=EDGE_CURVE('',#807,#807,#64,.T.);
#1004=EDGE_CURVE('',#807,#808,#415,.T.);
#1005=EDGE_CURVE('',#808,#808,#65,.T.);
#1006=EDGE_CURVE('',#808,#809,#416,.T.);
#1007=EDGE_CURVE('',#809,#809,#66,.T.);
#1008=EDGE_CURVE('',#810,#810,#67,.T.);
#1009=EDGE_CURVE('',#810,#811,#417,.T.);
#1010=EDGE_CURVE('',#811,#811,#68,.T.);
#1011=EDGE_CURVE('',#811,#812,#418,.T.);
#1012=EDGE_CURVE('',#812,#812,#69,.T.);
#1013=EDGE_CURVE('',#813,#814,#70,.T.);
#1014=EDGE_CURVE('',#815,#813,#419,.T.);
#1015=EDGE_CURVE('',#816,#815,#71,.T.);
#1016=EDGE_CURVE('',#817,#816,#420,.T.);
#1017=EDGE_CURVE('',#818,#817,#72,.T.);
#1018=EDGE_CURVE('',#819,#818,#421,.T.);
#1019=EDGE_CURVE('',#820,#819,#73,.T.);
#1020=EDGE_CURVE('',#814,#820,#422,.T.);
#1021=EDGE_CURVE('',#817,#821,#423,.T.);
#1022=EDGE_CURVE('',#822,#821,#74,.T.);
#1023=EDGE_CURVE('',#818,#822,#424,.T.);
#1024=EDGE_CURVE('',#816,#823,#425,.T.);
#1025=EDGE_CURVE('',#821,#823,#426,.T.);
#1026=EDGE_CURVE('',#815,#824,#427,.T.);
#1027=EDGE_CURVE('',#823,#824,#75,.T.);
#1028=EDGE_CURVE('',#813,#825,#428,.T.);
#1029=EDGE_CURVE('',#824,#825,#429,.T.);
#1030=EDGE_CURVE('',#826,#822,#430,.T.);
#1031=EDGE_CURVE('',#819,#826,#431,.T.);
#1032=EDGE_CURVE('',#827,#826,#76,.T.);
#1033=EDGE_CURVE('',#820,#827,#432,.T.);
#1034=EDGE_CURVE('',#828,#827,#433,.T.);
#1035=EDGE_CURVE('',#814,#828,#434,.T.);
#1036=EDGE_CURVE('',#825,#828,#77,.T.);
#1037=EDGE_CURVE('',#829,#830,#435,.T.);
#1038=EDGE_CURVE('',#830,#831,#436,.T.);
#1039=EDGE_CURVE('',#832,#831,#437,.T.);
#1040=EDGE_CURVE('',#829,#832,#438,.T.);
#1041=EDGE_CURVE('',#833,#829,#78,.T.);
#1042=EDGE_CURVE('',#834,#832,#79,.T.);
#1043=EDGE_CURVE('',#833,#834,#439,.T.);
#1044=EDGE_CURVE('',#835,#833,#440,.T.);
#1045=EDGE_CURVE('',#836,#834,#441,.T.);
#1046=EDGE_CURVE('',#835,#836,#442,.T.);
#1047=EDGE_CURVE('',#837,#835,#80,.T.);
#1048=EDGE_CURVE('',#838,#836,#81,.T.);
#1049=EDGE_CURVE('',#837,#838,#443,.T.);
#1050=EDGE_CURVE('',#839,#837,#444,.T.);
#1051=EDGE_CURVE('',#840,#838,#445,.T.);
#1052=EDGE_CURVE('',#839,#840,#446,.T.);
#1053=EDGE_CURVE('',#841,#839,#82,.T.);
#1054=EDGE_CURVE('',#842,#840,#83,.T.);
#1055=EDGE_CURVE('',#841,#842,#447,.T.);
#1056=EDGE_CURVE('',#843,#841,#448,.T.);
#1057=EDGE_CURVE('',#844,#842,#449,.T.);
#1058=EDGE_CURVE('',#843,#844,#450,.T.);
#1059=EDGE_CURVE('',#830,#843,#84,.T.);
#1060=EDGE_CURVE('',#831,#844,#85,.T.);
#1061=EDGE_CURVE('',#845,#846,#86,.T.);
#1062=EDGE_CURVE('',#847,#845,#451,.T.);
#1063=EDGE_CURVE('',#848,#847,#87,.T.);
#1064=EDGE_CURVE('',#848,#846,#452,.T.);
#1065=EDGE_CURVE('',#849,#845,#453,.T.);
#1066=EDGE_CURVE('',#850,#849,#454,.T.);
#1067=EDGE_CURVE('',#847,#850,#455,.T.);
#1068=EDGE_CURVE('',#851,#849,#88,.T.);
#1069=EDGE_CURVE('',#852,#851,#456,.T.);
#1070=EDGE_CURVE('',#850,#852,#89,.T.);
#1071=EDGE_CURVE('',#853,#851,#457,.T.);
#1072=EDGE_CURVE('',#854,#853,#458,.T.);
#1073=EDGE_CURVE('',#852,#854,#459,.T.);
#1074=EDGE_CURVE('',#855,#853,#90,.T.);
#1075=EDGE_CURVE('',#856,#855,#460,.T.);
#1076=EDGE_CURVE('',#854,#856,#91,.T.);
#1077=EDGE_CURVE('',#857,#855,#461,.T.);
#1078=EDGE_CURVE('',#858,#857,#462,.T.);
#1079=EDGE_CURVE('',#856,#858,#463,.T.);
#1080=EDGE_CURVE('',#859,#857,#92,.T.);
#1081=EDGE_CURVE('',#860,#859,#464,.T.);
#1082=EDGE_CURVE('',#858,#860,#93,.T.);
#1083=EDGE_CURVE('',#846,#859,#465,.T.);
#1084=EDGE_CURVE('',#860,#848,#466,.T.);
#1085=EDGE_CURVE('',#861,#862,#467,.T.);
#1086=EDGE_CURVE('',#862,#863,#94,.T.);
#1087=EDGE_CURVE('',#863,#864,#468,.T.);
#1088=EDGE_CURVE('',#864,#865,#95,.T.);
#1089=EDGE_CURVE('',#865,#866,#469,.T.);
#1090=EDGE_CURVE('',#866,#867,#96,.T.);
#1091=EDGE_CURVE('',#867,#868,#470,.T.);
#1092=EDGE_CURVE('',#868,#861,#97,.T.);
#1093=EDGE_CURVE('',#869,#869,#98,.T.);
#1094=EDGE_CURVE('',#870,#870,#99,.T.);
#1095=EDGE_CURVE('',#871,#872,#471,.T.);
#1096=EDGE_CURVE('',#872,#873,#472,.T.);
#1097=EDGE_CURVE('',#873,#874,#473,.T.);
#1098=EDGE_CURVE('',#874,#871,#474,.T.);
#1099=EDGE_CURVE('',#875,#875,#100,.T.);
#1100=EDGE_CURVE('',#876,#876,#101,.T.);
#1101=EDGE_CURVE('',#876,#877,#475,.T.);
#1102=EDGE_CURVE('',#878,#877,#102,.T.);
#1103=EDGE_CURVE('',#879,#878,#476,.T.);
#1104=EDGE_CURVE('',#880,#879,#103,.T.);
#1105=EDGE_CURVE('',#881,#880,#477,.T.);
#1106=EDGE_CURVE('',#877,#881,#104,.T.);
#1107=EDGE_CURVE('',#879,#882,#478,.T.);
#1108=EDGE_CURVE('',#882,#883,#105,.T.);
#1109=EDGE_CURVE('',#883,#884,#479,.T.);
#1110=EDGE_CURVE('',#884,#885,#106,.T.);
#1111=EDGE_CURVE('',#885,#886,#480,.T.);
#1112=EDGE_CURVE('',#886,#887,#107,.T.);
#1113=EDGE_CURVE('',#887,#888,#481,.T.);
#1114=EDGE_CURVE('',#888,#889,#108,.T.);
#1115=EDGE_CURVE('',#889,#880,#482,.T.);
#1116=EDGE_CURVE('',#890,#878,#483,.T.);
#1117=EDGE_CURVE('',#890,#882,#484,.T.);
#1118=EDGE_CURVE('',#891,#889,#485,.T.);
#1119=EDGE_CURVE('',#881,#891,#486,.T.);
#1120=EDGE_CURVE('',#875,#892,#487,.T.);
#1121=EDGE_CURVE('',#892,#892,#109,.T.);
#1122=EDGE_CURVE('',#893,#873,#488,.T.);
#1123=EDGE_CURVE('',#894,#893,#489,.T.);
#1124=EDGE_CURVE('',#894,#874,#490,.T.);
#1125=EDGE_CURVE('',#895,#894,#491,.T.);
#1126=EDGE_CURVE('',#871,#895,#492,.T.);
#1127=EDGE_CURVE('',#896,#895,#493,.T.);
#1128=EDGE_CURVE('',#896,#872,#494,.T.);
#1129=EDGE_CURVE('',#893,#896,#495,.T.);
#1130=EDGE_CURVE('',#870,#897,#496,.T.);
#1131=EDGE_CURVE('',#897,#897,#110,.T.);
#1132=EDGE_CURVE('',#869,#898,#497,.T.);
#1133=EDGE_CURVE('',#898,#898,#111,.T.);
#1134=EDGE_CURVE('',#899,#900,#498,.T.);
#1135=EDGE_CURVE('',#899,#884,#499,.T.);
#1136=EDGE_CURVE('',#900,#883,#500,.T.);
#1137=EDGE_CURVE('',#900,#890,#112,.T.);
#1138=EDGE_CURVE('',#891,#901,#113,.T.);
#1139=EDGE_CURVE('',#901,#888,#501,.T.);
#1140=EDGE_CURVE('',#901,#902,#502,.T.);
#1141=EDGE_CURVE('',#902,#887,#503,.T.);
#1142=EDGE_CURVE('',#902,#903,#114,.T.);
#1143=EDGE_CURVE('',#903,#886,#504,.T.);
#1144=EDGE_CURVE('',#903,#904,#505,.T.);
#1145=EDGE_CURVE('',#904,#885,#506,.T.);
#1146=EDGE_CURVE('',#904,#899,#115,.T.);
#1147=EDGE_CURVE('',#905,#906,#507,.T.);
#1148=EDGE_CURVE('',#907,#905,#116,.T.);
#1149=EDGE_CURVE('',#908,#907,#508,.T.);
#1150=EDGE_CURVE('',#909,#908,#117,.T.);
#1151=EDGE_CURVE('',#910,#909,#509,.T.);
#1152=EDGE_CURVE('',#911,#910,#118,.T.);
#1153=EDGE_CURVE('',#912,#911,#510,.T.);
#1154=EDGE_CURVE('',#906,#912,#119,.T.);
#1155=EDGE_CURVE('',#905,#861,#511,.T.);
#1156=EDGE_CURVE('',#907,#868,#512,.T.);
#1157=EDGE_CURVE('',#908,#867,#513,.T.);
#1158=EDGE_CURVE('',#909,#866,#514,.T.);
#1159=EDGE_CURVE('',#910,#865,#515,.T.);
#1160=EDGE_CURVE('',#911,#864,#516,.T.);
#1161=EDGE_CURVE('',#912,#863,#517,.T.);
#1162=EDGE_CURVE('',#906,#862,#518,.T.);
#1163=EDGE_CURVE('',#913,#914,#15,.T.);
#1164=EDGE_CURVE('',#913,#915,#519,.T.);
#1165=EDGE_CURVE('',#916,#915,#16,.T.);
#1166=EDGE_CURVE('',#917,#916,#520,.T.);
#1167=EDGE_CURVE('',#914,#917,#17,.T.);
#1168=EDGE_CURVE('',#915,#918,#521,.T.);
#1169=EDGE_CURVE('',#918,#919,#522,.T.);
#1170=EDGE_CURVE('',#919,#920,#523,.T.);
#1171=EDGE_CURVE('',#920,#921,#524,.T.);
#1172=EDGE_CURVE('',#921,#916,#525,.T.);
#1173=EDGE_CURVE('',#914,#922,#120,.T.);
#1174=EDGE_CURVE('',#922,#923,#121,.T.);
#1175=EDGE_CURVE('',#923,#922,#122,.T.);
#1176=EDGE_CURVE('',#917,#913,#123,.T.);
#1177=EDGE_CURVE('',#924,#921,#526,.T.);
#1178=EDGE_CURVE('',#925,#924,#527,.T.);
#1179=EDGE_CURVE('',#925,#918,#528,.T.);
#1180=EDGE_CURVE('',#923,#926,#529,.T.);
#1181=EDGE_CURVE('',#926,#926,#124,.T.);
#1182=EDGE_CURVE('',#927,#925,#530,.T.);
#1183=EDGE_CURVE('',#927,#919,#531,.T.);
#1184=EDGE_CURVE('',#928,#920,#532,.T.);
#1185=EDGE_CURVE('',#924,#928,#533,.T.);
#1186=EDGE_CURVE('',#928,#929,#534,.T.);
#1187=EDGE_CURVE('',#929,#930,#535,.T.);
#1188=EDGE_CURVE('',#931,#930,#536,.T.);
#1189=EDGE_CURVE('',#932,#931,#537,.T.);
#1190=EDGE_CURVE('',#932,#927,#538,.T.);
#1191=EDGE_CURVE('',#933,#933,#125,.T.);
#1192=EDGE_CURVE('',#933,#934,#126,.T.);
#1193=EDGE_CURVE('',#934,#935,#127,.T.);
#1194=EDGE_CURVE('',#935,#934,#128,.T.);
#1195=EDGE_CURVE('',#936,#937,#539,.T.);
#1196=EDGE_CURVE('',#938,#936,#540,.T.);
#1197=EDGE_CURVE('',#939,#938,#541,.T.);
#1198=EDGE_CURVE('',#937,#939,#542,.T.);
#1199=EDGE_CURVE('',#935,#940,#543,.T.);
#1200=EDGE_CURVE('',#940,#940,#129,.T.);
#1201=EDGE_CURVE('',#941,#939,#544,.T.);
#1202=EDGE_CURVE('',#941,#942,#545,.T.);
#1203=EDGE_CURVE('',#942,#937,#546,.T.);
#1204=EDGE_CURVE('',#936,#943,#547,.T.);
#1205=EDGE_CURVE('',#943,#944,#548,.T.);
#1206=EDGE_CURVE('',#938,#944,#549,.T.);
#1207=EDGE_CURVE('',#944,#945,#550,.T.);
#1208=EDGE_CURVE('',#946,#945,#551,.T.);
#1209=EDGE_CURVE('',#947,#946,#552,.T.);
#1210=EDGE_CURVE('',#948,#947,#553,.T.);
#1211=EDGE_CURVE('',#948,#941,#554,.T.);
#1212=EDGE_CURVE('',#949,#950,#555,.T.);
#1213=EDGE_CURVE('',#951,#949,#556,.T.);
#1214=EDGE_CURVE('',#952,#951,#557,.T.);
#1215=EDGE_CURVE('',#950,#952,#558,.T.);
#1216=EDGE_CURVE('',#951,#953,#559,.T.);
#1217=EDGE_CURVE('',#954,#953,#560,.T.);
#1218=EDGE_CURVE('',#954,#952,#561,.T.);
#1219=EDGE_CURVE('',#955,#949,#562,.T.);
#1220=EDGE_CURVE('',#956,#955,#563,.T.);
#1221=EDGE_CURVE('',#956,#957,#564,.T.);
#1222=EDGE_CURVE('',#957,#958,#565,.T.);
#1223=EDGE_CURVE('',#958,#959,#566,.T.);
#1224=EDGE_CURVE('',#953,#959,#567,.T.);
#1225=EDGE_CURVE('',#950,#960,#568,.T.);
#1226=EDGE_CURVE('',#960,#955,#569,.T.);
#1227=EDGE_CURVE('',#945,#932,#570,.T.);
#1228=EDGE_CURVE('',#931,#946,#571,.T.);
#1229=EDGE_CURVE('',#930,#961,#572,.T.);
#1230=EDGE_CURVE('',#961,#962,#573,.T.);
#1231=EDGE_CURVE('',#962,#963,#574,.T.);
#1232=EDGE_CURVE('',#963,#964,#575,.T.);
#1233=EDGE_CURVE('',#964,#947,#576,.T.);
#1234=EDGE_CURVE('',#965,#954,#577,.T.);
#1235=EDGE_CURVE('',#965,#966,#578,.T.);
#1236=EDGE_CURVE('',#929,#966,#579,.T.);
#1237=EDGE_CURVE('',#942,#943,#580,.T.);
#1238=EDGE_CURVE('',#967,#948,#581,.T.);
#1239=EDGE_CURVE('',#967,#968,#582,.T.);
#1240=EDGE_CURVE('',#960,#968,#583,.T.);
#1241=EDGE_CURVE('',#958,#962,#584,.T.);
#1242=EDGE_CURVE('',#963,#957,#585,.T.);
#1243=EDGE_CURVE('',#968,#956,#586,.T.);
#1244=EDGE_CURVE('',#964,#967,#587,.T.);
#1245=EDGE_CURVE('',#959,#965,#588,.T.);
#1246=EDGE_CURVE('',#966,#961,#589,.T.);
#1247=ORIENTED_EDGE('',*,*,#969,.F.);
#1248=ORIENTED_EDGE('',*,*,#970,.F.);
#1249=ORIENTED_EDGE('',*,*,#971,.F.);
#1250=ORIENTED_EDGE('',*,*,#972,.T.);
#1251=ORIENTED_EDGE('',*,*,#973,.F.);
#1252=ORIENTED_EDGE('',*,*,#972,.F.);
#1253=ORIENTED_EDGE('',*,*,#974,.F.);
#1254=ORIENTED_EDGE('',*,*,#975,.T.);
#1255=ORIENTED_EDGE('',*,*,#976,.F.);
#1256=ORIENTED_EDGE('',*,*,#975,.F.);
#1257=ORIENTED_EDGE('',*,*,#977,.F.);
#1258=ORIENTED_EDGE('',*,*,#978,.T.);
#1259=ORIENTED_EDGE('',*,*,#979,.F.);
#1260=ORIENTED_EDGE('',*,*,#978,.F.);
#1261=ORIENTED_EDGE('',*,*,#980,.F.);
#1262=ORIENTED_EDGE('',*,*,#981,.F.);
#1263=ORIENTED_EDGE('',*,*,#982,.F.);
#1264=ORIENTED_EDGE('',*,*,#981,.T.);
#1265=ORIENTED_EDGE('',*,*,#983,.F.);
#1266=ORIENTED_EDGE('',*,*,#984,.T.);
#1267=ORIENTED_EDGE('',*,*,#985,.F.);
#1268=ORIENTED_EDGE('',*,*,#984,.F.);
#1269=ORIENTED_EDGE('',*,*,#986,.F.);
#1270=ORIENTED_EDGE('',*,*,#987,.T.);
#1271=ORIENTED_EDGE('',*,*,#988,.F.);
#1272=ORIENTED_EDGE('',*,*,#987,.F.);
#1273=ORIENTED_EDGE('',*,*,#989,.F.);
#1274=ORIENTED_EDGE('',*,*,#990,.T.);
#1275=ORIENTED_EDGE('',*,*,#991,.F.);
#1276=ORIENTED_EDGE('',*,*,#990,.F.);
#1277=ORIENTED_EDGE('',*,*,#992,.F.);
#1278=ORIENTED_EDGE('',*,*,#970,.T.);
#1279=ORIENTED_EDGE('',*,*,#993,.T.);
#1280=ORIENTED_EDGE('',*,*,#994,.T.);
#1281=ORIENTED_EDGE('',*,*,#995,.T.);
#1282=ORIENTED_EDGE('',*,*,#994,.F.);
#1283=ORIENTED_EDGE('',*,*,#993,.F.);
#1284=ORIENTED_EDGE('',*,*,#995,.F.);
#1285=ORIENTED_EDGE('',*,*,#996,.T.);
#1286=ORIENTED_EDGE('',*,*,#997,.F.);
#1287=ORIENTED_EDGE('',*,*,#996,.F.);
#1288=ORIENTED_EDGE('',*,*,#998,.T.);
#1289=ORIENTED_EDGE('',*,*,#999,.T.);
#1290=ORIENTED_EDGE('',*,*,#1000,.T.);
#1291=ORIENTED_EDGE('',*,*,#999,.F.);
#1292=ORIENTED_EDGE('',*,*,#998,.F.);
#1293=ORIENTED_EDGE('',*,*,#1000,.F.);
#1294=ORIENTED_EDGE('',*,*,#1001,.T.);
#1295=ORIENTED_EDGE('',*,*,#1002,.F.);
#1296=ORIENTED_EDGE('',*,*,#1001,.F.);
#1297=ORIENTED_EDGE('',*,*,#1003,.T.);
#1298=ORIENTED_EDGE('',*,*,#1004,.T.);
#1299=ORIENTED_EDGE('',*,*,#1005,.T.);
#1300=ORIENTED_EDGE('',*,*,#1004,.F.);
#1301=ORIENTED_EDGE('',*,*,#1003,.F.);
#1302=ORIENTED_EDGE('',*,*,#1005,.F.);
#1303=ORIENTED_EDGE('',*,*,#1006,.T.);
#1304=ORIENTED_EDGE('',*,*,#1007,.F.);
#1305=ORIENTED_EDGE('',*,*,#1006,.F.);
#1306=ORIENTED_EDGE('',*,*,#1008,.T.);
#1307=ORIENTED_EDGE('',*,*,#1009,.T.);
#1308=ORIENTED_EDGE('',*,*,#1010,.T.);
#1309=ORIENTED_EDGE('',*,*,#1009,.F.);
#1310=ORIENTED_EDGE('',*,*,#1008,.F.);
#1311=ORIENTED_EDGE('',*,*,#1010,.F.);
#1312=ORIENTED_EDGE('',*,*,#1011,.T.);
#1313=ORIENTED_EDGE('',*,*,#1012,.F.);
#1314=ORIENTED_EDGE('',*,*,#1011,.F.);
#1315=ORIENTED_EDGE('',*,*,#1013,.F.);
#1316=ORIENTED_EDGE('',*,*,#1014,.F.);
#1317=ORIENTED_EDGE('',*,*,#1015,.F.);
#1318=ORIENTED_EDGE('',*,*,#1016,.F.);
#1319=ORIENTED_EDGE('',*,*,#1017,.F.);
#1320=ORIENTED_EDGE('',*,*,#1018,.F.);
#1321=ORIENTED_EDGE('',*,*,#1019,.F.);
#1322=ORIENTED_EDGE('',*,*,#1020,.F.);
#1323=ORIENTED_EDGE('',*,*,#997,.T.);
#1324=ORIENTED_EDGE('',*,*,#1007,.T.);
#1325=ORIENTED_EDGE('',*,*,#1002,.T.);
#1326=ORIENTED_EDGE('',*,*,#1012,.T.);
#1327=ORIENTED_EDGE('',*,*,#1017,.T.);
#1328=ORIENTED_EDGE('',*,*,#1021,.T.);
#1329=ORIENTED_EDGE('',*,*,#1022,.F.);
#1330=ORIENTED_EDGE('',*,*,#1023,.F.);
#1331=ORIENTED_EDGE('',*,*,#1016,.T.);
#1332=ORIENTED_EDGE('',*,*,#1024,.T.);
#1333=ORIENTED_EDGE('',*,*,#1025,.F.);
#1334=ORIENTED_EDGE('',*,*,#1021,.F.);
#1335=ORIENTED_EDGE('',*,*,#982,.T.);
#1336=ORIENTED_EDGE('',*,*,#985,.T.);
#1337=ORIENTED_EDGE('',*,*,#988,.T.);
#1338=ORIENTED_EDGE('',*,*,#991,.T.);
#1339=ORIENTED_EDGE('',*,*,#969,.T.);
#1340=ORIENTED_EDGE('',*,*,#973,.T.);
#1341=ORIENTED_EDGE('',*,*,#976,.T.);
#1342=ORIENTED_EDGE('',*,*,#979,.T.);
#1343=ORIENTED_EDGE('',*,*,#1015,.T.);
#1344=ORIENTED_EDGE('',*,*,#1026,.T.);
#1345=ORIENTED_EDGE('',*,*,#1027,.F.);
#1346=ORIENTED_EDGE('',*,*,#1024,.F.);
#1347=ORIENTED_EDGE('',*,*,#1014,.T.);
#1348=ORIENTED_EDGE('',*,*,#1028,.T.);
#1349=ORIENTED_EDGE('',*,*,#1029,.F.);
#1350=ORIENTED_EDGE('',*,*,#1026,.F.);
#1351=ORIENTED_EDGE('',*,*,#1018,.T.);
#1352=ORIENTED_EDGE('',*,*,#1023,.T.);
#1353=ORIENTED_EDGE('',*,*,#1030,.F.);
#1354=ORIENTED_EDGE('',*,*,#1031,.F.);
#1355=ORIENTED_EDGE('',*,*,#1019,.T.);
#1356=ORIENTED_EDGE('',*,*,#1031,.T.);
#1357=ORIENTED_EDGE('',*,*,#1032,.F.);
#1358=ORIENTED_EDGE('',*,*,#1033,.F.);
#1359=ORIENTED_EDGE('',*,*,#1020,.T.);
#1360=ORIENTED_EDGE('',*,*,#1033,.T.);
#1361=ORIENTED_EDGE('',*,*,#1034,.F.);
#1362=ORIENTED_EDGE('',*,*,#1035,.F.);
#1363=ORIENTED_EDGE('',*,*,#1013,.T.);
#1364=ORIENTED_EDGE('',*,*,#1035,.T.);
#1365=ORIENTED_EDGE('',*,*,#1036,.F.);
#1366=ORIENTED_EDGE('',*,*,#1028,.F.);
#1367=ORIENTED_EDGE('',*,*,#1037,.T.);
#1368=ORIENTED_EDGE('',*,*,#1038,.T.);
#1369=ORIENTED_EDGE('',*,*,#1039,.F.);
#1370=ORIENTED_EDGE('',*,*,#1040,.F.);
#1371=ORIENTED_EDGE('',*,*,#1041,.T.);
#1372=ORIENTED_EDGE('',*,*,#1040,.T.);
#1373=ORIENTED_EDGE('',*,*,#1042,.F.);
#1374=ORIENTED_EDGE('',*,*,#1043,.F.);
#1375=ORIENTED_EDGE('',*,*,#1044,.T.);
#1376=ORIENTED_EDGE('',*,*,#1043,.T.);
#1377=ORIENTED_EDGE('',*,*,#1045,.F.);
#1378=ORIENTED_EDGE('',*,*,#1046,.F.);
#1379=ORIENTED_EDGE('',*,*,#1047,.T.);
#1380=ORIENTED_EDGE('',*,*,#1046,.T.);
#1381=ORIENTED_EDGE('',*,*,#1048,.F.);
#1382=ORIENTED_EDGE('',*,*,#1049,.F.);
#1383=ORIENTED_EDGE('',*,*,#1050,.T.);
#1384=ORIENTED_EDGE('',*,*,#1049,.T.);
#1385=ORIENTED_EDGE('',*,*,#1051,.F.);
#1386=ORIENTED_EDGE('',*,*,#1052,.F.);
#1387=ORIENTED_EDGE('',*,*,#983,.T.);
#1388=ORIENTED_EDGE('',*,*,#980,.T.);
#1389=ORIENTED_EDGE('',*,*,#977,.T.);
#1390=ORIENTED_EDGE('',*,*,#974,.T.);
#1391=ORIENTED_EDGE('',*,*,#971,.T.);
#1392=ORIENTED_EDGE('',*,*,#992,.T.);
#1393=ORIENTED_EDGE('',*,*,#989,.T.);
#1394=ORIENTED_EDGE('',*,*,#986,.T.);
#1395=ORIENTED_EDGE('',*,*,#1053,.T.);
#1396=ORIENTED_EDGE('',*,*,#1052,.T.);
#1397=ORIENTED_EDGE('',*,*,#1054,.F.);
#1398=ORIENTED_EDGE('',*,*,#1055,.F.);
#1399=ORIENTED_EDGE('',*,*,#1056,.T.);
#1400=ORIENTED_EDGE('',*,*,#1055,.T.);
#1401=ORIENTED_EDGE('',*,*,#1057,.F.);
#1402=ORIENTED_EDGE('',*,*,#1058,.F.);
#1403=ORIENTED_EDGE('',*,*,#1059,.T.);
#1404=ORIENTED_EDGE('',*,*,#1058,.T.);
#1405=ORIENTED_EDGE('',*,*,#1060,.F.);
#1406=ORIENTED_EDGE('',*,*,#1038,.F.);
#1407=ORIENTED_EDGE('',*,*,#1060,.T.);
#1408=ORIENTED_EDGE('',*,*,#1057,.T.);
#1409=ORIENTED_EDGE('',*,*,#1054,.T.);
#1410=ORIENTED_EDGE('',*,*,#1051,.T.);
#1411=ORIENTED_EDGE('',*,*,#1048,.T.);
#1412=ORIENTED_EDGE('',*,*,#1045,.T.);
#1413=ORIENTED_EDGE('',*,*,#1042,.T.);
#1414=ORIENTED_EDGE('',*,*,#1039,.T.);
#1415=ORIENTED_EDGE('',*,*,#1036,.T.);
#1416=ORIENTED_EDGE('',*,*,#1034,.T.);
#1417=ORIENTED_EDGE('',*,*,#1032,.T.);
#1418=ORIENTED_EDGE('',*,*,#1030,.T.);
#1419=ORIENTED_EDGE('',*,*,#1022,.T.);
#1420=ORIENTED_EDGE('',*,*,#1025,.T.);
#1421=ORIENTED_EDGE('',*,*,#1027,.T.);
#1422=ORIENTED_EDGE('',*,*,#1029,.T.);
#1423=ORIENTED_EDGE('',*,*,#1059,.F.);
#1424=ORIENTED_EDGE('',*,*,#1037,.F.);
#1425=ORIENTED_EDGE('',*,*,#1041,.F.);
#1426=ORIENTED_EDGE('',*,*,#1044,.F.);
#1427=ORIENTED_EDGE('',*,*,#1047,.F.);
#1428=ORIENTED_EDGE('',*,*,#1050,.F.);
#1429=ORIENTED_EDGE('',*,*,#1053,.F.);
#1430=ORIENTED_EDGE('',*,*,#1056,.F.);
#1431=ORIENTED_EDGE('',*,*,#1061,.F.);
#1432=ORIENTED_EDGE('',*,*,#1062,.F.);
#1433=ORIENTED_EDGE('',*,*,#1063,.F.);
#1434=ORIENTED_EDGE('',*,*,#1064,.T.);
#1435=ORIENTED_EDGE('',*,*,#1065,.F.);
#1436=ORIENTED_EDGE('',*,*,#1066,.F.);
#1437=ORIENTED_EDGE('',*,*,#1067,.F.);
#1438=ORIENTED_EDGE('',*,*,#1062,.T.);
#1439=ORIENTED_EDGE('',*,*,#1068,.F.);
#1440=ORIENTED_EDGE('',*,*,#1069,.F.);
#1441=ORIENTED_EDGE('',*,*,#1070,.F.);
#1442=ORIENTED_EDGE('',*,*,#1066,.T.);
#1443=ORIENTED_EDGE('',*,*,#1071,.F.);
#1444=ORIENTED_EDGE('',*,*,#1072,.F.);
#1445=ORIENTED_EDGE('',*,*,#1073,.F.);
#1446=ORIENTED_EDGE('',*,*,#1069,.T.);
#1447=ORIENTED_EDGE('',*,*,#1074,.F.);
#1448=ORIENTED_EDGE('',*,*,#1075,.F.);
#1449=ORIENTED_EDGE('',*,*,#1076,.F.);
#1450=ORIENTED_EDGE('',*,*,#1072,.T.);
#1451=ORIENTED_EDGE('',*,*,#1077,.F.);
#1452=ORIENTED_EDGE('',*,*,#1078,.F.);
#1453=ORIENTED_EDGE('',*,*,#1079,.F.);
#1454=ORIENTED_EDGE('',*,*,#1075,.T.);
#1455=ORIENTED_EDGE('',*,*,#1080,.F.);
#1456=ORIENTED_EDGE('',*,*,#1081,.F.);
#1457=ORIENTED_EDGE('',*,*,#1082,.F.);
#1458=ORIENTED_EDGE('',*,*,#1078,.T.);
#1459=ORIENTED_EDGE('',*,*,#1083,.F.);
#1460=ORIENTED_EDGE('',*,*,#1064,.F.);
#1461=ORIENTED_EDGE('',*,*,#1084,.F.);
#1462=ORIENTED_EDGE('',*,*,#1081,.T.);
#1463=ORIENTED_EDGE('',*,*,#1085,.T.);
#1464=ORIENTED_EDGE('',*,*,#1086,.T.);
#1465=ORIENTED_EDGE('',*,*,#1087,.T.);
#1466=ORIENTED_EDGE('',*,*,#1088,.T.);
#1467=ORIENTED_EDGE('',*,*,#1089,.T.);
#1468=ORIENTED_EDGE('',*,*,#1090,.T.);
#1469=ORIENTED_EDGE('',*,*,#1091,.T.);
#1470=ORIENTED_EDGE('',*,*,#1092,.T.);
#1471=ORIENTED_EDGE('',*,*,#1093,.T.);
#1472=ORIENTED_EDGE('',*,*,#1094,.T.);
#1473=ORIENTED_EDGE('',*,*,#1095,.T.);
#1474=ORIENTED_EDGE('',*,*,#1096,.T.);
#1475=ORIENTED_EDGE('',*,*,#1097,.T.);
#1476=ORIENTED_EDGE('',*,*,#1098,.T.);
#1477=ORIENTED_EDGE('',*,*,#1099,.T.);
#1478=ORIENTED_EDGE('',*,*,#1100,.T.);
#1479=ORIENTED_EDGE('',*,*,#1100,.F.);
#1480=ORIENTED_EDGE('',*,*,#1101,.T.);
#1481=ORIENTED_EDGE('',*,*,#1102,.F.);
#1482=ORIENTED_EDGE('',*,*,#1103,.F.);
#1483=ORIENTED_EDGE('',*,*,#1104,.F.);
#1484=ORIENTED_EDGE('',*,*,#1105,.F.);
#1485=ORIENTED_EDGE('',*,*,#1106,.F.);
#1486=ORIENTED_EDGE('',*,*,#1101,.F.);
#1487=ORIENTED_EDGE('',*,*,#1070,.T.);
#1488=ORIENTED_EDGE('',*,*,#1073,.T.);
#1489=ORIENTED_EDGE('',*,*,#1076,.T.);
#1490=ORIENTED_EDGE('',*,*,#1079,.T.);
#1491=ORIENTED_EDGE('',*,*,#1082,.T.);
#1492=ORIENTED_EDGE('',*,*,#1084,.T.);
#1493=ORIENTED_EDGE('',*,*,#1063,.T.);
#1494=ORIENTED_EDGE('',*,*,#1067,.T.);
#1495=ORIENTED_EDGE('',*,*,#1104,.T.);
#1496=ORIENTED_EDGE('',*,*,#1107,.T.);
#1497=ORIENTED_EDGE('',*,*,#1108,.T.);
#1498=ORIENTED_EDGE('',*,*,#1109,.T.);
#1499=ORIENTED_EDGE('',*,*,#1110,.T.);
#1500=ORIENTED_EDGE('',*,*,#1111,.T.);
#1501=ORIENTED_EDGE('',*,*,#1112,.T.);
#1502=ORIENTED_EDGE('',*,*,#1113,.T.);
#1503=ORIENTED_EDGE('',*,*,#1114,.T.);
#1504=ORIENTED_EDGE('',*,*,#1115,.T.);
#1505=ORIENTED_EDGE('',*,*,#1103,.T.);
#1506=ORIENTED_EDGE('',*,*,#1116,.F.);
#1507=ORIENTED_EDGE('',*,*,#1117,.T.);
#1508=ORIENTED_EDGE('',*,*,#1107,.F.);
#1509=ORIENTED_EDGE('',*,*,#1105,.T.);
#1510=ORIENTED_EDGE('',*,*,#1115,.F.);
#1511=ORIENTED_EDGE('',*,*,#1118,.F.);
#1512=ORIENTED_EDGE('',*,*,#1119,.F.);
#1513=ORIENTED_EDGE('',*,*,#1099,.F.);
#1514=ORIENTED_EDGE('',*,*,#1120,.T.);
#1515=ORIENTED_EDGE('',*,*,#1121,.F.);
#1516=ORIENTED_EDGE('',*,*,#1120,.F.);
#1517=ORIENTED_EDGE('',*,*,#1097,.F.);
#1518=ORIENTED_EDGE('',*,*,#1122,.F.);
#1519=ORIENTED_EDGE('',*,*,#1123,.F.);
#1520=ORIENTED_EDGE('',*,*,#1124,.T.);
#1521=ORIENTED_EDGE('',*,*,#1098,.F.);
#1522=ORIENTED_EDGE('',*,*,#1124,.F.);
#1523=ORIENTED_EDGE('',*,*,#1125,.F.);
#1524=ORIENTED_EDGE('',*,*,#1126,.F.);
#1525=ORIENTED_EDGE('',*,*,#1095,.F.);
#1526=ORIENTED_EDGE('',*,*,#1126,.T.);
#1527=ORIENTED_EDGE('',*,*,#1127,.F.);
#1528=ORIENTED_EDGE('',*,*,#1128,.T.);
#1529=ORIENTED_EDGE('',*,*,#1096,.F.);
#1530=ORIENTED_EDGE('',*,*,#1128,.F.);
#1531=ORIENTED_EDGE('',*,*,#1129,.F.);
#1532=ORIENTED_EDGE('',*,*,#1122,.T.);
#1533=ORIENTED_EDGE('',*,*,#1094,.F.);
#1534=ORIENTED_EDGE('',*,*,#1130,.T.);
#1535=ORIENTED_EDGE('',*,*,#1131,.F.);
#1536=ORIENTED_EDGE('',*,*,#1130,.F.);
#1537=ORIENTED_EDGE('',*,*,#1093,.F.);
#1538=ORIENTED_EDGE('',*,*,#1132,.T.);
#1539=ORIENTED_EDGE('',*,*,#1133,.F.);
#1540=ORIENTED_EDGE('',*,*,#1132,.F.);
#1541=ORIENTED_EDGE('',*,*,#1134,.F.);
#1542=ORIENTED_EDGE('',*,*,#1135,.T.);
#1543=ORIENTED_EDGE('',*,*,#1109,.F.);
#1544=ORIENTED_EDGE('',*,*,#1136,.F.);
#1545=ORIENTED_EDGE('',*,*,#1137,.F.);
#1546=ORIENTED_EDGE('',*,*,#1136,.T.);
#1547=ORIENTED_EDGE('',*,*,#1108,.F.);
#1548=ORIENTED_EDGE('',*,*,#1117,.F.);
#1549=ORIENTED_EDGE('',*,*,#1138,.F.);
#1550=ORIENTED_EDGE('',*,*,#1118,.T.);
#1551=ORIENTED_EDGE('',*,*,#1114,.F.);
#1552=ORIENTED_EDGE('',*,*,#1139,.F.);
#1553=ORIENTED_EDGE('',*,*,#1140,.F.);
#1554=ORIENTED_EDGE('',*,*,#1139,.T.);
#1555=ORIENTED_EDGE('',*,*,#1113,.F.);
#1556=ORIENTED_EDGE('',*,*,#1141,.F.);
#1557=ORIENTED_EDGE('',*,*,#1142,.F.);
#1558=ORIENTED_EDGE('',*,*,#1141,.T.);
#1559=ORIENTED_EDGE('',*,*,#1112,.F.);
#1560=ORIENTED_EDGE('',*,*,#1143,.F.);
#1561=ORIENTED_EDGE('',*,*,#1144,.F.);
#1562=ORIENTED_EDGE('',*,*,#1143,.T.);
#1563=ORIENTED_EDGE('',*,*,#1111,.F.);
#1564=ORIENTED_EDGE('',*,*,#1145,.F.);
#1565=ORIENTED_EDGE('',*,*,#1146,.F.);
#1566=ORIENTED_EDGE('',*,*,#1145,.T.);
#1567=ORIENTED_EDGE('',*,*,#1110,.F.);
#1568=ORIENTED_EDGE('',*,*,#1135,.F.);
#1569=ORIENTED_EDGE('',*,*,#1147,.F.);
#1570=ORIENTED_EDGE('',*,*,#1148,.F.);
#1571=ORIENTED_EDGE('',*,*,#1149,.F.);
#1572=ORIENTED_EDGE('',*,*,#1150,.F.);
#1573=ORIENTED_EDGE('',*,*,#1151,.F.);
#1574=ORIENTED_EDGE('',*,*,#1152,.F.);
#1575=ORIENTED_EDGE('',*,*,#1153,.F.);
#1576=ORIENTED_EDGE('',*,*,#1154,.F.);
#1577=ORIENTED_EDGE('',*,*,#1071,.T.);
#1578=ORIENTED_EDGE('',*,*,#1068,.T.);
#1579=ORIENTED_EDGE('',*,*,#1065,.T.);
#1580=ORIENTED_EDGE('',*,*,#1061,.T.);
#1581=ORIENTED_EDGE('',*,*,#1083,.T.);
#1582=ORIENTED_EDGE('',*,*,#1080,.T.);
#1583=ORIENTED_EDGE('',*,*,#1077,.T.);
#1584=ORIENTED_EDGE('',*,*,#1074,.T.);
#1585=ORIENTED_EDGE('',*,*,#1148,.T.);
#1586=ORIENTED_EDGE('',*,*,#1155,.T.);
#1587=ORIENTED_EDGE('',*,*,#1092,.F.);
#1588=ORIENTED_EDGE('',*,*,#1156,.F.);
#1589=ORIENTED_EDGE('',*,*,#1149,.T.);
#1590=ORIENTED_EDGE('',*,*,#1156,.T.);
#1591=ORIENTED_EDGE('',*,*,#1091,.F.);
#1592=ORIENTED_EDGE('',*,*,#1157,.F.);
#1593=ORIENTED_EDGE('',*,*,#1150,.T.);
#1594=ORIENTED_EDGE('',*,*,#1157,.T.);
#1595=ORIENTED_EDGE('',*,*,#1090,.F.);
#1596=ORIENTED_EDGE('',*,*,#1158,.F.);
#1597=ORIENTED_EDGE('',*,*,#1151,.T.);
#1598=ORIENTED_EDGE('',*,*,#1158,.T.);
#1599=ORIENTED_EDGE('',*,*,#1089,.F.);
#1600=ORIENTED_EDGE('',*,*,#1159,.F.);
#1601=ORIENTED_EDGE('',*,*,#1152,.T.);
#1602=ORIENTED_EDGE('',*,*,#1159,.T.);
#1603=ORIENTED_EDGE('',*,*,#1088,.F.);
#1604=ORIENTED_EDGE('',*,*,#1160,.F.);
#1605=ORIENTED_EDGE('',*,*,#1153,.T.);
#1606=ORIENTED_EDGE('',*,*,#1160,.T.);
#1607=ORIENTED_EDGE('',*,*,#1087,.F.);
#1608=ORIENTED_EDGE('',*,*,#1161,.F.);
#1609=ORIENTED_EDGE('',*,*,#1154,.T.);
#1610=ORIENTED_EDGE('',*,*,#1161,.T.);
#1611=ORIENTED_EDGE('',*,*,#1086,.F.);
#1612=ORIENTED_EDGE('',*,*,#1162,.F.);
#1613=ORIENTED_EDGE('',*,*,#1147,.T.);
#1614=ORIENTED_EDGE('',*,*,#1162,.T.);
#1615=ORIENTED_EDGE('',*,*,#1085,.F.);
#1616=ORIENTED_EDGE('',*,*,#1155,.F.);
#1617=ORIENTED_EDGE('',*,*,#1102,.T.);
#1618=ORIENTED_EDGE('',*,*,#1106,.T.);
#1619=ORIENTED_EDGE('',*,*,#1119,.T.);
#1620=ORIENTED_EDGE('',*,*,#1138,.T.);
#1621=ORIENTED_EDGE('',*,*,#1140,.T.);
#1622=ORIENTED_EDGE('',*,*,#1142,.T.);
#1623=ORIENTED_EDGE('',*,*,#1144,.T.);
#1624=ORIENTED_EDGE('',*,*,#1146,.T.);
#1625=ORIENTED_EDGE('',*,*,#1134,.T.);
#1626=ORIENTED_EDGE('',*,*,#1137,.T.);
#1627=ORIENTED_EDGE('',*,*,#1116,.T.);
#1628=ORIENTED_EDGE('',*,*,#1121,.T.);
#1629=ORIENTED_EDGE('',*,*,#1127,.T.);
#1630=ORIENTED_EDGE('',*,*,#1125,.T.);
#1631=ORIENTED_EDGE('',*,*,#1123,.T.);
#1632=ORIENTED_EDGE('',*,*,#1129,.T.);
#1633=ORIENTED_EDGE('',*,*,#1131,.T.);
#1634=ORIENTED_EDGE('',*,*,#1133,.T.);
#1635=ORIENTED_EDGE('',*,*,#1163,.F.);
#1636=ORIENTED_EDGE('',*,*,#1164,.T.);
#1637=ORIENTED_EDGE('',*,*,#1165,.F.);
#1638=ORIENTED_EDGE('',*,*,#1166,.F.);
#1639=ORIENTED_EDGE('',*,*,#1167,.F.);
#1640=ORIENTED_EDGE('',*,*,#1165,.T.);
#1641=ORIENTED_EDGE('',*,*,#1168,.T.);
#1642=ORIENTED_EDGE('',*,*,#1169,.T.);
#1643=ORIENTED_EDGE('',*,*,#1170,.T.);
#1644=ORIENTED_EDGE('',*,*,#1171,.T.);
#1645=ORIENTED_EDGE('',*,*,#1172,.T.);
#1646=ORIENTED_EDGE('',*,*,#1163,.T.);
#1647=ORIENTED_EDGE('',*,*,#1173,.T.);
#1648=ORIENTED_EDGE('',*,*,#1174,.T.);
#1649=ORIENTED_EDGE('',*,*,#1175,.T.);
#1650=ORIENTED_EDGE('',*,*,#1173,.F.);
#1651=ORIENTED_EDGE('',*,*,#1167,.T.);
#1652=ORIENTED_EDGE('',*,*,#1176,.T.);
#1653=ORIENTED_EDGE('',*,*,#1176,.F.);
#1654=ORIENTED_EDGE('',*,*,#1166,.T.);
#1655=ORIENTED_EDGE('',*,*,#1172,.F.);
#1656=ORIENTED_EDGE('',*,*,#1177,.F.);
#1657=ORIENTED_EDGE('',*,*,#1178,.F.);
#1658=ORIENTED_EDGE('',*,*,#1179,.T.);
#1659=ORIENTED_EDGE('',*,*,#1168,.F.);
#1660=ORIENTED_EDGE('',*,*,#1164,.F.);
#1661=ORIENTED_EDGE('',*,*,#1174,.F.);
#1662=ORIENTED_EDGE('',*,*,#1175,.F.);
#1663=ORIENTED_EDGE('',*,*,#1180,.T.);
#1664=ORIENTED_EDGE('',*,*,#1181,.F.);
#1665=ORIENTED_EDGE('',*,*,#1180,.F.);
#1666=ORIENTED_EDGE('',*,*,#1182,.F.);
#1667=ORIENTED_EDGE('',*,*,#1183,.T.);
#1668=ORIENTED_EDGE('',*,*,#1169,.F.);
#1669=ORIENTED_EDGE('',*,*,#1179,.F.);
#1670=ORIENTED_EDGE('',*,*,#1184,.F.);
#1671=ORIENTED_EDGE('',*,*,#1185,.F.);
#1672=ORIENTED_EDGE('',*,*,#1177,.T.);
#1673=ORIENTED_EDGE('',*,*,#1171,.F.);
#1674=ORIENTED_EDGE('',*,*,#1178,.T.);
#1675=ORIENTED_EDGE('',*,*,#1185,.T.);
#1676=ORIENTED_EDGE('',*,*,#1186,.T.);
#1677=ORIENTED_EDGE('',*,*,#1187,.T.);
#1678=ORIENTED_EDGE('',*,*,#1188,.F.);
#1679=ORIENTED_EDGE('',*,*,#1189,.F.);
#1680=ORIENTED_EDGE('',*,*,#1190,.T.);
#1681=ORIENTED_EDGE('',*,*,#1182,.T.);
#1682=ORIENTED_EDGE('',*,*,#1191,.T.);
#1683=ORIENTED_EDGE('',*,*,#1192,.T.);
#1684=ORIENTED_EDGE('',*,*,#1193,.T.);
#1685=ORIENTED_EDGE('',*,*,#1194,.T.);
#1686=ORIENTED_EDGE('',*,*,#1192,.F.);
#1687=ORIENTED_EDGE('',*,*,#1195,.F.);
#1688=ORIENTED_EDGE('',*,*,#1196,.F.);
#1689=ORIENTED_EDGE('',*,*,#1197,.F.);
#1690=ORIENTED_EDGE('',*,*,#1198,.F.);
#1691=ORIENTED_EDGE('',*,*,#1191,.F.);
#1692=ORIENTED_EDGE('',*,*,#1193,.F.);
#1693=ORIENTED_EDGE('',*,*,#1194,.F.);
#1694=ORIENTED_EDGE('',*,*,#1199,.T.);
#1695=ORIENTED_EDGE('',*,*,#1200,.F.);
#1696=ORIENTED_EDGE('',*,*,#1199,.F.);
#1697=ORIENTED_EDGE('',*,*,#1201,.F.);
#1698=ORIENTED_EDGE('',*,*,#1202,.T.);
#1699=ORIENTED_EDGE('',*,*,#1203,.T.);
#1700=ORIENTED_EDGE('',*,*,#1198,.T.);
#1701=ORIENTED_EDGE('',*,*,#1204,.T.);
#1702=ORIENTED_EDGE('',*,*,#1205,.T.);
#1703=ORIENTED_EDGE('',*,*,#1206,.F.);
#1704=ORIENTED_EDGE('',*,*,#1196,.T.);
#1705=ORIENTED_EDGE('',*,*,#1197,.T.);
#1706=ORIENTED_EDGE('',*,*,#1206,.T.);
#1707=ORIENTED_EDGE('',*,*,#1207,.T.);
#1708=ORIENTED_EDGE('',*,*,#1208,.F.);
#1709=ORIENTED_EDGE('',*,*,#1209,.F.);
#1710=ORIENTED_EDGE('',*,*,#1210,.F.);
#1711=ORIENTED_EDGE('',*,*,#1211,.T.);
#1712=ORIENTED_EDGE('',*,*,#1201,.T.);
#1713=ORIENTED_EDGE('',*,*,#1212,.F.);
#1714=ORIENTED_EDGE('',*,*,#1213,.F.);
#1715=ORIENTED_EDGE('',*,*,#1214,.F.);
#1716=ORIENTED_EDGE('',*,*,#1215,.F.);
#1717=ORIENTED_EDGE('',*,*,#1214,.T.);
#1718=ORIENTED_EDGE('',*,*,#1216,.T.);
#1719=ORIENTED_EDGE('',*,*,#1217,.F.);
#1720=ORIENTED_EDGE('',*,*,#1218,.T.);
#1721=ORIENTED_EDGE('',*,*,#1213,.T.);
#1722=ORIENTED_EDGE('',*,*,#1219,.F.);
#1723=ORIENTED_EDGE('',*,*,#1220,.F.);
#1724=ORIENTED_EDGE('',*,*,#1221,.T.);
#1725=ORIENTED_EDGE('',*,*,#1222,.T.);
#1726=ORIENTED_EDGE('',*,*,#1223,.T.);
#1727=ORIENTED_EDGE('',*,*,#1224,.F.);
#1728=ORIENTED_EDGE('',*,*,#1216,.F.);
#1729=ORIENTED_EDGE('',*,*,#1212,.T.);
#1730=ORIENTED_EDGE('',*,*,#1225,.T.);
#1731=ORIENTED_EDGE('',*,*,#1226,.T.);
#1732=ORIENTED_EDGE('',*,*,#1219,.T.);
#1733=ORIENTED_EDGE('',*,*,#1227,.T.);
#1734=ORIENTED_EDGE('',*,*,#1189,.T.);
#1735=ORIENTED_EDGE('',*,*,#1228,.T.);
#1736=ORIENTED_EDGE('',*,*,#1208,.T.);
#1737=ORIENTED_EDGE('',*,*,#1188,.T.);
#1738=ORIENTED_EDGE('',*,*,#1229,.T.);
#1739=ORIENTED_EDGE('',*,*,#1230,.T.);
#1740=ORIENTED_EDGE('',*,*,#1231,.T.);
#1741=ORIENTED_EDGE('',*,*,#1232,.T.);
#1742=ORIENTED_EDGE('',*,*,#1233,.T.);
#1743=ORIENTED_EDGE('',*,*,#1209,.T.);
#1744=ORIENTED_EDGE('',*,*,#1228,.F.);
#1745=ORIENTED_EDGE('',*,*,#1218,.F.);
#1746=ORIENTED_EDGE('',*,*,#1234,.F.);
#1747=ORIENTED_EDGE('',*,*,#1235,.T.);
#1748=ORIENTED_EDGE('',*,*,#1236,.F.);
#1749=ORIENTED_EDGE('',*,*,#1186,.F.);
#1750=ORIENTED_EDGE('',*,*,#1184,.T.);
#1751=ORIENTED_EDGE('',*,*,#1170,.F.);
#1752=ORIENTED_EDGE('',*,*,#1183,.F.);
#1753=ORIENTED_EDGE('',*,*,#1190,.F.);
#1754=ORIENTED_EDGE('',*,*,#1227,.F.);
#1755=ORIENTED_EDGE('',*,*,#1207,.F.);
#1756=ORIENTED_EDGE('',*,*,#1205,.F.);
#1757=ORIENTED_EDGE('',*,*,#1237,.F.);
#1758=ORIENTED_EDGE('',*,*,#1202,.F.);
#1759=ORIENTED_EDGE('',*,*,#1211,.F.);
#1760=ORIENTED_EDGE('',*,*,#1238,.F.);
#1761=ORIENTED_EDGE('',*,*,#1239,.T.);
#1762=ORIENTED_EDGE('',*,*,#1240,.F.);
#1763=ORIENTED_EDGE('',*,*,#1225,.F.);
#1764=ORIENTED_EDGE('',*,*,#1215,.T.);
#1765=ORIENTED_EDGE('',*,*,#1200,.T.);
#1766=ORIENTED_EDGE('',*,*,#1181,.T.);
#1767=ORIENTED_EDGE('',*,*,#1237,.T.);
#1768=ORIENTED_EDGE('',*,*,#1204,.F.);
#1769=ORIENTED_EDGE('',*,*,#1195,.T.);
#1770=ORIENTED_EDGE('',*,*,#1203,.F.);
#1771=ORIENTED_EDGE('',*,*,#1231,.F.);
#1772=ORIENTED_EDGE('',*,*,#1241,.F.);
#1773=ORIENTED_EDGE('',*,*,#1222,.F.);
#1774=ORIENTED_EDGE('',*,*,#1242,.F.);
#1775=ORIENTED_EDGE('',*,*,#1243,.F.);
#1776=ORIENTED_EDGE('',*,*,#1239,.F.);
#1777=ORIENTED_EDGE('',*,*,#1244,.F.);
#1778=ORIENTED_EDGE('',*,*,#1232,.F.);
#1779=ORIENTED_EDGE('',*,*,#1242,.T.);
#1780=ORIENTED_EDGE('',*,*,#1221,.F.);
#1781=ORIENTED_EDGE('',*,*,#1245,.F.);
#1782=ORIENTED_EDGE('',*,*,#1223,.F.);
#1783=ORIENTED_EDGE('',*,*,#1241,.T.);
#1784=ORIENTED_EDGE('',*,*,#1230,.F.);
#1785=ORIENTED_EDGE('',*,*,#1246,.F.);
#1786=ORIENTED_EDGE('',*,*,#1235,.F.);
#1787=ORIENTED_EDGE('',*,*,#1244,.T.);
#1788=ORIENTED_EDGE('',*,*,#1238,.T.);
#1789=ORIENTED_EDGE('',*,*,#1210,.T.);
#1790=ORIENTED_EDGE('',*,*,#1233,.F.);
#1791=ORIENTED_EDGE('',*,*,#1243,.T.);
#1792=ORIENTED_EDGE('',*,*,#1220,.T.);
#1793=ORIENTED_EDGE('',*,*,#1226,.F.);
#1794=ORIENTED_EDGE('',*,*,#1240,.T.);
#1795=ORIENTED_EDGE('',*,*,#1245,.T.);
#1796=ORIENTED_EDGE('',*,*,#1234,.T.);
#1797=ORIENTED_EDGE('',*,*,#1217,.T.);
#1798=ORIENTED_EDGE('',*,*,#1224,.T.);
#1799=ORIENTED_EDGE('',*,*,#1246,.T.);
#1800=ORIENTED_EDGE('',*,*,#1229,.F.);
#1801=ORIENTED_EDGE('',*,*,#1187,.F.);
#1802=ORIENTED_EDGE('',*,*,#1236,.T.);
#1803=PLANE('',#1988);
#1804=PLANE('',#1992);
#1805=PLANE('',#1996);
#1806=PLANE('',#2000);
#1807=PLANE('',#2007);
#1808=PLANE('',#2013);
#1809=PLANE('',#2019);
#1810=PLANE('',#2025);
#1811=PLANE('',#2028);
#1812=PLANE('',#2035);
#1813=PLANE('',#2038);
#1814=PLANE('',#2039);
#1815=PLANE('',#2042);
#1816=PLANE('',#2045);
#1817=PLANE('',#2049);
#1818=PLANE('',#2053);
#1819=PLANE('',#2057);
#1820=PLANE('',#2061);
#1821=PLANE('',#2062);
#1822=PLANE('',#2066);
#1823=PLANE('',#2070);
#1824=PLANE('',#2074);
#1825=PLANE('',#2078);
#1826=PLANE('',#2079);
#1827=PLANE('',#2092);
#1828=PLANE('',#2097);
#1829=PLANE('',#2098);
#1830=PLANE('',#2101);
#1831=PLANE('',#2102);
#1832=PLANE('',#2103);
#1833=PLANE('',#2104);
#1834=PLANE('',#2109);
#1835=PLANE('',#2114);
#1836=PLANE('',#2117);
#1837=PLANE('',#2120);
#1838=PLANE('',#2126);
#1839=PLANE('',#2128);
#1840=PLANE('',#2130);
#1841=PLANE('',#2132);
#1842=PLANE('',#2133);
#1843=PLANE('',#2134);
#1844=PLANE('',#2140);
#1845=PLANE('',#2143);
#1846=PLANE('',#2144);
#1847=PLANE('',#2145);
#1848=PLANE('',#2151);
#1849=PLANE('',#2154);
#1850=PLANE('',#2155);
#1851=PLANE('',#2156);
#1852=PLANE('',#2157);
#1853=PLANE('',#2158);
#1854=PLANE('',#2159);
#1855=PLANE('',#2160);
#1856=PLANE('',#2161);
#1857=PLANE('',#2162);
#1858=PLANE('',#2163);
#1859=PLANE('',#2164);
#1860=PLANE('',#2165);
#1861=PLANE('',#2166);
#1862=PLANE('',#2167);
#1863=PLANE('',#2168);
#1864=PLANE('',#2169);
#1865=PLANE('',#2170);
#1866=PLANE('',#2171);
#1867=ADVANCED_FACE('',(#164),#1803,.F.);
#1868=ADVANCED_FACE('',(#165),#130,.F.);
#1869=ADVANCED_FACE('',(#166),#1804,.F.);
#1870=ADVANCED_FACE('',(#167),#131,.F.);
#1871=ADVANCED_FACE('',(#168),#1805,.F.);
#1872=ADVANCED_FACE('',(#169),#132,.F.);
#1873=ADVANCED_FACE('',(#170),#1806,.F.);
#1874=ADVANCED_FACE('',(#171),#133,.F.);
#1875=ADVANCED_FACE('',(#172),#46,.T.);
#1876=ADVANCED_FACE('',(#173),#1807,.T.);
#1877=ADVANCED_FACE('',(#174),#134,.T.);
#1878=ADVANCED_FACE('',(#175),#47,.T.);
#1879=ADVANCED_FACE('',(#176),#1808,.T.);
#1880=ADVANCED_FACE('',(#177),#135,.T.);
#1881=ADVANCED_FACE('',(#178),#48,.T.);
#1882=ADVANCED_FACE('',(#179),#1809,.T.);
#1883=ADVANCED_FACE('',(#180),#136,.T.);
#1884=ADVANCED_FACE('',(#181),#49,.T.);
#1885=ADVANCED_FACE('',(#182),#1810,.T.);
#1886=ADVANCED_FACE('',(#183),#137,.T.);
#1887=ADVANCED_FACE('',(#184,#25,#26,#27,#28),#1811,.T.);
#1888=ADVANCED_FACE('',(#185),#138,.F.);
#1889=ADVANCED_FACE('',(#186,#29),#1812,.T.);
#1890=ADVANCED_FACE('',(#187),#139,.F.);
#1891=ADVANCED_FACE('',(#188),#1813,.T.);
#1892=ADVANCED_FACE('',(#189),#1814,.T.);
#1893=ADVANCED_FACE('',(#190),#140,.F.);
#1894=ADVANCED_FACE('',(#191),#1815,.T.);
#1895=ADVANCED_FACE('',(#192),#141,.F.);
#1896=ADVANCED_FACE('',(#193),#1816,.T.);
#1897=ADVANCED_FACE('',(#194),#142,.T.);
#1898=ADVANCED_FACE('',(#195),#1817,.T.);
#1899=ADVANCED_FACE('',(#196),#143,.T.);
#1900=ADVANCED_FACE('',(#197,#30),#1818,.T.);
#1901=ADVANCED_FACE('',(#198),#144,.T.);
#1902=ADVANCED_FACE('',(#199),#1819,.T.);
#1903=ADVANCED_FACE('',(#200),#145,.T.);
#1904=ADVANCED_FACE('',(#201,#31),#1820,.T.);
#1905=ADVANCED_FACE('',(#202),#1821,.F.);
#1906=ADVANCED_FACE('',(#203),#146,.T.);
#1907=ADVANCED_FACE('',(#204),#1822,.T.);
#1908=ADVANCED_FACE('',(#205),#147,.T.);
#1909=ADVANCED_FACE('',(#206),#1823,.T.);
#1910=ADVANCED_FACE('',(#207),#148,.T.);
#1911=ADVANCED_FACE('',(#208),#1824,.T.);
#1912=ADVANCED_FACE('',(#209),#149,.T.);
#1913=ADVANCED_FACE('',(#210),#1825,.T.);
#1914=ADVANCED_FACE('',(#211,#32,#33,#34,#35,#36),#1826,.T.);
#1915=ADVANCED_FACE('',(#212),#150,.F.);
#1916=ADVANCED_FACE('',(#213,#37),#1827,.F.);
#1917=ADVANCED_FACE('',(#214),#1828,.T.);
#1918=ADVANCED_FACE('',(#215),#1829,.T.);
#1919=ADVANCED_FACE('',(#216),#151,.F.);
#1920=ADVANCED_FACE('',(#217),#1830,.F.);
#1921=ADVANCED_FACE('',(#218),#1831,.F.);
#1922=ADVANCED_FACE('',(#219),#1832,.F.);
#1923=ADVANCED_FACE('',(#220),#1833,.F.);
#1924=ADVANCED_FACE('',(#221),#152,.F.);
#1925=ADVANCED_FACE('',(#222),#153,.F.);
#1926=ADVANCED_FACE('',(#223),#1834,.T.);
#1927=ADVANCED_FACE('',(#224),#154,.F.);
#1928=ADVANCED_FACE('',(#225),#155,.F.);
#1929=ADVANCED_FACE('',(#226),#1835,.T.);
#1930=ADVANCED_FACE('',(#227),#156,.F.);
#1931=ADVANCED_FACE('',(#228),#1836,.T.);
#1932=ADVANCED_FACE('',(#229),#157,.F.);
#1933=ADVANCED_FACE('',(#230,#38),#1837,.F.);
#1934=ADVANCED_FACE('',(#231),#158,.T.);
#1935=ADVANCED_FACE('',(#232),#1838,.T.);
#1936=ADVANCED_FACE('',(#233),#159,.T.);
#1937=ADVANCED_FACE('',(#234),#1839,.T.);
#1938=ADVANCED_FACE('',(#235),#160,.T.);
#1939=ADVANCED_FACE('',(#236),#1840,.T.);
#1940=ADVANCED_FACE('',(#237),#161,.T.);
#1941=ADVANCED_FACE('',(#238),#1841,.T.);
#1942=ADVANCED_FACE('',(#239,#39,#40,#41,#42),#1842,.F.);
#1943=ADVANCED_FACE('',(#240),#18,.T.);
#1944=ADVANCED_FACE('',(#241),#1843,.T.);
#1945=ADVANCED_FACE('',(#242),#13,.T.);
#1946=ADVANCED_FACE('',(#243),#1844,.F.);
#1947=ADVANCED_FACE('',(#244),#162,.F.);
#1948=ADVANCED_FACE('',(#245),#1845,.T.);
#1949=ADVANCED_FACE('',(#246),#1846,.T.);
#1950=ADVANCED_FACE('',(#247),#1847,.T.);
#1951=ADVANCED_FACE('',(#248),#14,.T.);
#1952=ADVANCED_FACE('',(#249,#43),#1848,.F.);
#1953=ADVANCED_FACE('',(#250),#163,.F.);
#1954=ADVANCED_FACE('',(#251),#1849,.T.);
#1955=ADVANCED_FACE('',(#252),#1850,.T.);
#1956=ADVANCED_FACE('',(#253),#1851,.T.);
#1957=ADVANCED_FACE('',(#254),#1852,.T.);
#1958=ADVANCED_FACE('',(#255),#1853,.T.);
#1959=ADVANCED_FACE('',(#256),#1854,.T.);
#1960=ADVANCED_FACE('',(#257),#1855,.T.);
#1961=ADVANCED_FACE('',(#258),#1856,.T.);
#1962=ADVANCED_FACE('',(#259),#1857,.T.);
#1963=ADVANCED_FACE('',(#260,#44,#45),#1858,.F.);
#1964=ADVANCED_FACE('',(#261),#1859,.T.);
#1965=ADVANCED_FACE('',(#262),#1860,.F.);
#1966=ADVANCED_FACE('',(#263),#1861,.F.);
#1967=ADVANCED_FACE('',(#264),#1862,.F.);
#1968=ADVANCED_FACE('',(#265),#1863,.T.);
#1969=ADVANCED_FACE('',(#266),#1864,.T.);
#1970=ADVANCED_FACE('',(#267),#1865,.T.);
#1971=ADVANCED_FACE('',(#268),#1866,.T.);
#1972=CLOSED_SHELL('',(#1867,#1868,#1869,#1870,#1871,#1872,#1873,#1874,
#1875,#1876,#1877,#1878,#1879,#1880,#1881,#1882,#1883,#1884,#1885,#1886,
#1887,#1888,#1889,#1890,#1891,#1892,#1893,#1894,#1895,#1896,#1897,#1898,
#1899,#1900,#1901,#1902,#1903,#1904,#1905));
#1973=CLOSED_SHELL('',(#1906,#1907,#1908,#1909,#1910,#1911,#1912,#1913,
#1914,#1915,#1916,#1917,#1918,#1919,#1920,#1921,#1922,#1923,#1924,#1925,
#1926,#1927,#1928,#1929,#1930,#1931,#1932,#1933,#1934,#1935,#1936,#1937,
#1938,#1939,#1940,#1941,#1942));
#1974=CLOSED_SHELL('',(#1943,#1944,#1945,#1946,#1947,#1948,#1949,#1950,
#1951,#1952,#1953,#1954,#1955,#1956,#1957,#1958,#1959,#1960,#1961,#1962,
#1963,#1964,#1965,#1966,#1967,#1968,#1969,#1970,#1971));
#1975=DERIVED_UNIT_ELEMENT(#1977,1.);
#1976=DERIVED_UNIT_ELEMENT(#3355,-3.);
#1977=(
MASS_UNIT()
NAMED_UNIT(*)
SI_UNIT(.KILO.,.GRAM.)
);
#1978=DERIVED_UNIT((#1975,#1976));
#1979=MEASURE_REPRESENTATION_ITEM('density measure',
POSITIVE_RATIO_MEASURE(7850.),#1978);
#1980=PROPERTY_DEFINITION_REPRESENTATION(#1985,#1982);
#1981=PROPERTY_DEFINITION_REPRESENTATION(#1986,#1983);
#1982=REPRESENTATION('material name',(#1984),#3352);
#1983=REPRESENTATION('density',(#1979),#3352);
#1984=DESCRIPTIVE_REPRESENTATION_ITEM('Steel','Steel');
#1985=PROPERTY_DEFINITION('material property','material name',#3362);
#1986=PROPERTY_DEFINITION('material property','density of part',#3362);
#1987=AXIS2_PLACEMENT_3D('',#2737,#2172,#2173);
#1988=AXIS2_PLACEMENT_3D('',#2738,#2174,#2175);
#1989=AXIS2_PLACEMENT_3D('',#2747,#2180,#2181);
#1990=AXIS2_PLACEMENT_3D('',#2749,#2182,#2183);
#1991=AXIS2_PLACEMENT_3D('',#2751,#2184,#2185);
#1992=AXIS2_PLACEMENT_3D('',#2753,#2187,#2188);
#1993=AXIS2_PLACEMENT_3D('',#2759,#2192,#2193);
#1994=AXIS2_PLACEMENT_3D('',#2761,#2194,#2195);
#1995=AXIS2_PLACEMENT_3D('',#2763,#2196,#2197);
#1996=AXIS2_PLACEMENT_3D('',#2765,#2199,#2200);
#1997=AXIS2_PLACEMENT_3D('',#2771,#2204,#2205);
#1998=AXIS2_PLACEMENT_3D('',#2773,#2206,#2207);
#1999=AXIS2_PLACEMENT_3D('',#2775,#2208,#2209);
#2000=AXIS2_PLACEMENT_3D('',#2777,#2211,#2212);
#2001=AXIS2_PLACEMENT_3D('',#2783,#2216,#2217);
#2002=AXIS2_PLACEMENT_3D('',#2784,#2218,#2219);
#2003=AXIS2_PLACEMENT_3D('',#2785,#2220,#2221);
#2004=AXIS2_PLACEMENT_3D('',#2786,#2222,#2223);
#2005=AXIS2_PLACEMENT_3D('',#2788,#2224,#2225);
#2006=AXIS2_PLACEMENT_3D('',#2791,#2227,#2228);
#2007=AXIS2_PLACEMENT_3D('',#2792,#2229,#2230);
#2008=AXIS2_PLACEMENT_3D('',#2793,#2231,#2232);
#2009=AXIS2_PLACEMENT_3D('',#2796,#2234,#2235);
#2010=AXIS2_PLACEMENT_3D('',#2797,#2236,#2237);
#2011=AXIS2_PLACEMENT_3D('',#2799,#2238,#2239);
#2012=AXIS2_PLACEMENT_3D('',#2802,#2241,#2242);
#2013=AXIS2_PLACEMENT_3D('',#2803,#2243,#2244);
#2014=AXIS2_PLACEMENT_3D('',#2804,#2245,#2246);
#2015=AXIS2_PLACEMENT_3D('',#2807,#2248,#2249);
#2016=AXIS2_PLACEMENT_3D('',#2808,#2250,#2251);
#2017=AXIS2_PLACEMENT_3D('',#2810,#2252,#2253);
#2018=AXIS2_PLACEMENT_3D('',#2813,#2255,#2256);
#2019=AXIS2_PLACEMENT_3D('',#2814,#2257,#2258);
#2020=AXIS2_PLACEMENT_3D('',#2815,#2259,#2260);
#2021=AXIS2_PLACEMENT_3D('',#2818,#2262,#2263);
#2022=AXIS2_PLACEMENT_3D('',#2819,#2264,#2265);
#2023=AXIS2_PLACEMENT_3D('',#2821,#2266,#2267);
#2024=AXIS2_PLACEMENT_3D('',#2824,#2269,#2270);
#2025=AXIS2_PLACEMENT_3D('',#2825,#2271,#2272);
#2026=AXIS2_PLACEMENT_3D('',#2826,#2273,#2274);
#2027=AXIS2_PLACEMENT_3D('',#2829,#2276,#2277);
#2028=AXIS2_PLACEMENT_3D('',#2830,#2278,#2279);
#2029=AXIS2_PLACEMENT_3D('',#2833,#2280,#2281);
#2030=AXIS2_PLACEMENT_3D('',#2837,#2283,#2284);
#2031=AXIS2_PLACEMENT_3D('',#2841,#2286,#2287);
#2032=AXIS2_PLACEMENT_3D('',#2845,#2289,#2290);
#2033=AXIS2_PLACEMENT_3D('',#2847,#2292,#2293);
#2034=AXIS2_PLACEMENT_3D('',#2851,#2295,#2296);
#2035=AXIS2_PLACEMENT_3D('',#2853,#2298,#2299);
#2036=AXIS2_PLACEMENT_3D('',#2857,#2302,#2303);
#2037=AXIS2_PLACEMENT_3D('',#2860,#2305,#2306);
#2038=AXIS2_PLACEMENT_3D('',#2861,#2307,#2308);
#2039=AXIS2_PLACEMENT_3D('',#2865,#2311,#2312);
#2040=AXIS2_PLACEMENT_3D('',#2869,#2315,#2316);
#2041=AXIS2_PLACEMENT_3D('',#2871,#2317,#2318);
#2042=AXIS2_PLACEMENT_3D('',#2873,#2320,#2321);
#2043=AXIS2_PLACEMENT_3D('',#2877,#2324,#2325);
#2044=AXIS2_PLACEMENT_3D('',#2878,#2326,#2327);
#2045=AXIS2_PLACEMENT_3D('',#2879,#2328,#2329);
#2046=AXIS2_PLACEMENT_3D('',#2888,#2334,#2335);
#2047=AXIS2_PLACEMENT_3D('',#2890,#2336,#2337);
#2048=AXIS2_PLACEMENT_3D('',#2892,#2338,#2339);
#2049=AXIS2_PLACEMENT_3D('',#2894,#2341,#2342);
#2050=AXIS2_PLACEMENT_3D('',#2900,#2346,#2347);
#2051=AXIS2_PLACEMENT_3D('',#2902,#2348,#2349);
#2052=AXIS2_PLACEMENT_3D('',#2904,#2350,#2351);
#2053=AXIS2_PLACEMENT_3D('',#2906,#2353,#2354);
#2054=AXIS2_PLACEMENT_3D('',#2912,#2358,#2359);
#2055=AXIS2_PLACEMENT_3D('',#2914,#2360,#2361);
#2056=AXIS2_PLACEMENT_3D('',#2916,#2362,#2363);
#2057=AXIS2_PLACEMENT_3D('',#2918,#2365,#2366);
#2058=AXIS2_PLACEMENT_3D('',#2924,#2370,#2371);
#2059=AXIS2_PLACEMENT_3D('',#2925,#2372,#2373);
#2060=AXIS2_PLACEMENT_3D('',#2926,#2374,#2375);
#2061=AXIS2_PLACEMENT_3D('',#2927,#2376,#2377);
#2062=AXIS2_PLACEMENT_3D('',#2928,#2378,#2379);
#2063=AXIS2_PLACEMENT_3D('',#2929,#2380,#2381);
#2064=AXIS2_PLACEMENT_3D('',#2932,#2382,#2383);
#2065=AXIS2_PLACEMENT_3D('',#2936,#2385,#2386);
#2066=AXIS2_PLACEMENT_3D('',#2938,#2388,#2389);
#2067=AXIS2_PLACEMENT_3D('',#2944,#2393,#2394);
#2068=AXIS2_PLACEMENT_3D('',#2946,#2395,#2396);
#2069=AXIS2_PLACEMENT_3D('',#2949,#2398,#2399);
#2070=AXIS2_PLACEMENT_3D('',#2950,#2400,#2401);
#2071=AXIS2_PLACEMENT_3D('',#2956,#2405,#2406);
#2072=AXIS2_PLACEMENT_3D('',#2958,#2407,#2408);
#2073=AXIS2_PLACEMENT_3D('',#2961,#2410,#2411);
#2074=AXIS2_PLACEMENT_3D('',#2962,#2412,#2413);
#2075=AXIS2_PLACEMENT_3D('',#2968,#2417,#2418);
#2076=AXIS2_PLACEMENT_3D('',#2970,#2419,#2420);
#2077=AXIS2_PLACEMENT_3D('',#2973,#2422,#2423);
#2078=AXIS2_PLACEMENT_3D('',#2974,#2424,#2425);
#2079=AXIS2_PLACEMENT_3D('',#2977,#2428,#2429);
#2080=AXIS2_PLACEMENT_3D('',#2982,#2431,#2432);
#2081=AXIS2_PLACEMENT_3D('',#2986,#2434,#2435);
#2082=AXIS2_PLACEMENT_3D('',#2990,#2437,#2438);
#2083=AXIS2_PLACEMENT_3D('',#2993,#2440,#2441);
#2084=AXIS2_PLACEMENT_3D('',#2995,#2442,#2443);
#2085=AXIS2_PLACEMENT_3D('',#2997,#2444,#2445);
#2086=AXIS2_PLACEMENT_3D('',#3007,#2450,#2451);
#2087=AXIS2_PLACEMENT_3D('',#3009,#2452,#2453);
#2088=AXIS2_PLACEMENT_3D('',#3010,#2454,#2455);
#2089=AXIS2_PLACEMENT_3D('',#3014,#2457,#2458);
#2090=AXIS2_PLACEMENT_3D('',#3018,#2460,#2461);
#2091=AXIS2_PLACEMENT_3D('',#3021,#2463,#2464);
#2092=AXIS2_PLACEMENT_3D('',#3022,#2465,#2466);
#2093=AXIS2_PLACEMENT_3D('',#3026,#2468,#2469);
#2094=AXIS2_PLACEMENT_3D('',#3030,#2471,#2472);
#2095=AXIS2_PLACEMENT_3D('',#3034,#2474,#2475);
#2096=AXIS2_PLACEMENT_3D('',#3038,#2477,#2478);
#2097=AXIS2_PLACEMENT_3D('',#3040,#2480,#2481);
#2098=AXIS2_PLACEMENT_3D('',#3044,#2484,#2485);
#2099=AXIS2_PLACEMENT_3D('',#3048,#2488,#2489);
#2100=AXIS2_PLACEMENT_3D('',#3051,#2491,#2492);
#2101=AXIS2_PLACEMENT_3D('',#3052,#2493,#2494);
#2102=AXIS2_PLACEMENT_3D('',#3058,#2498,#2499);
#2103=AXIS2_PLACEMENT_3D('',#3062,#2502,#2503);
#2104=AXIS2_PLACEMENT_3D('',#3066,#2506,#2507);
#2105=AXIS2_PLACEMENT_3D('',#3068,#2509,#2510);
#2106=AXIS2_PLACEMENT_3D('',#3071,#2512,#2513);
#2107=AXIS2_PLACEMENT_3D('',#3072,#2514,#2515);
#2108=AXIS2_PLACEMENT_3D('',#3075,#2517,#2518);
#2109=AXIS2_PLACEMENT_3D('',#3076,#2519,#2520);
#2110=AXIS2_PLACEMENT_3D('',#3082,#2524,#2525);
#2111=AXIS2_PLACEMENT_3D('',#3083,#2526,#2527);
#2112=AXIS2_PLACEMENT_3D('',#3084,#2528,#2529);
#2113=AXIS2_PLACEMENT_3D('',#3086,#2530,#2531);
#2114=AXIS2_PLACEMENT_3D('',#3088,#2533,#2534);
#2115=AXIS2_PLACEMENT_3D('',#3092,#2537,#2538);
#2116=AXIS2_PLACEMENT_3D('',#3094,#2539,#2540);
#2117=AXIS2_PLACEMENT_3D('',#3096,#2542,#2543);
#2118=AXIS2_PLACEMENT_3D('',#3100,#2546,#2547);
#2119=AXIS2_PLACEMENT_3D('',#3101,#2548,#2549);
#2120=AXIS2_PLACEMENT_3D('',#3102,#2550,#2551);
#2121=AXIS2_PLACEMENT_3D('',#3107,#2553,#2554);
#2122=AXIS2_PLACEMENT_3D('',#3111,#2556,#2557);
#2123=AXIS2_PLACEMENT_3D('',#3115,#2559,#2560);
#2124=AXIS2_PLACEMENT_3D('',#3118,#2562,#2563);
#2125=AXIS2_PLACEMENT_3D('',#3119,#2564,#2565);
#2126=AXIS2_PLACEMENT_3D('',#3122,#2568,#2569);
#2127=AXIS2_PLACEMENT_3D('',#3124,#2571,#2572);
#2128=AXIS2_PLACEMENT_3D('',#3126,#2574,#2575);
#2129=AXIS2_PLACEMENT_3D('',#3128,#2577,#2578);
#2130=AXIS2_PLACEMENT_3D('',#3130,#2580,#2581);
#2131=AXIS2_PLACEMENT_3D('',#3132,#2583,#2584);
#2132=AXIS2_PLACEMENT_3D('',#3134,#2586,#2587);
#2133=AXIS2_PLACEMENT_3D('',#3135,#2588,#2589);
#2134=AXIS2_PLACEMENT_3D('',#3192,#2592,#2593);
#2135=AXIS2_PLACEMENT_3D('',#3202,#2599,#2600);
#2136=AXIS2_PLACEMENT_3D('',#3204,#2601,#2602);
#2137=AXIS2_PLACEMENT_3D('',#3206,#2603,#2604);
#2138=AXIS2_PLACEMENT_3D('',#3207,#2605,#2606);
#2139=AXIS2_PLACEMENT_3D('',#3208,#2607,#2608);
#2140=AXIS2_PLACEMENT_3D('',#3209,#2609,#2610);
#2141=AXIS2_PLACEMENT_3D('',#3215,#2614,#2615);
#2142=AXIS2_PLACEMENT_3D('',#3218,#2617,#2618);
#2143=AXIS2_PLACEMENT_3D('',#3219,#2619,#2620);
#2144=AXIS2_PLACEMENT_3D('',#3223,#2623,#2624);
#2145=AXIS2_PLACEMENT_3D('',#3227,#2627,#2628);
#2146=AXIS2_PLACEMENT_3D('',#3237,#2634,#2635);
#2147=AXIS2_PLACEMENT_3D('',#3239,#2636,#2637);
#2148=AXIS2_PLACEMENT_3D('',#3241,#2638,#2639);
#2149=AXIS2_PLACEMENT_3D('',#3243,#2640,#2641);
#2150=AXIS2_PLACEMENT_3D('',#3244,#2642,#2643);
#2151=AXIS2_PLACEMENT_3D('',#3245,#2644,#2645);
#2152=AXIS2_PLACEMENT_3D('',#3254,#2650,#2651);
#2153=AXIS2_PLACEMENT_3D('',#3257,#2653,#2654);
#2154=AXIS2_PLACEMENT_3D('',#3258,#2655,#2656);
#2155=AXIS2_PLACEMENT_3D('',#3264,#2660,#2661);
#2156=AXIS2_PLACEMENT_3D('',#3270,#2665,#2666);
#2157=AXIS2_PLACEMENT_3D('',#3280,#2672,#2673);
#2158=AXIS2_PLACEMENT_3D('',#3289,#2678,#2679);
#2159=AXIS2_PLACEMENT_3D('',#3295,#2683,#2684);
#2160=AXIS2_PLACEMENT_3D('',#3307,#2691,#2692);
#2161=AXIS2_PLACEMENT_3D('',#3311,#2695,#2696);
#2162=AXIS2_PLACEMENT_3D('',#3314,#2699,#2700);
#2163=AXIS2_PLACEMENT_3D('',#3324,#2706,#2707);
#2164=AXIS2_PLACEMENT_3D('',#3336,#2715,#2716);
#2165=AXIS2_PLACEMENT_3D('',#3337,#2717,#2718);
#2166=AXIS2_PLACEMENT_3D('',#3340,#2721,#2722);
#2167=AXIS2_PLACEMENT_3D('',#3343,#2725,#2726);
#2168=AXIS2_PLACEMENT_3D('',#3346,#2729,#2730);
#2169=AXIS2_PLACEMENT_3D('',#3347,#2731,#2732);
#2170=AXIS2_PLACEMENT_3D('',#3348,#2733,#2734);
#2171=AXIS2_PLACEMENT_3D('',#3349,#2735,#2736);
#2172=DIRECTION('axis',(0.,0.,1.));
#2173=DIRECTION('refdir',(1.,0.,0.));
#2174=DIRECTION('center_axis',(-1.65704929048531E-16,0.,-1.));
#2175=DIRECTION('ref_axis',(-1.,0.,1.65704929048531E-16));
#2176=DIRECTION('',(1.,0.,-1.65704929048531E-16));
#2177=DIRECTION('',(0.,1.,0.));
#2178=DIRECTION('',(-1.,0.,1.65704929048531E-16));
#2179=DIRECTION('',(0.,1.,0.));
#2180=DIRECTION('center_axis',(0.,1.,0.));
#2181=DIRECTION('ref_axis',(1.,0.,0.));
#2182=DIRECTION('center_axis',(0.,-1.,0.));
#2183=DIRECTION('ref_axis',(1.,0.,0.));
#2184=DIRECTION('center_axis',(0.,1.,0.));
#2185=DIRECTION('ref_axis',(1.,0.,0.));
#2186=DIRECTION('',(0.,1.,0.));
#2187=DIRECTION('center_axis',(1.,0.,2.33731163078979E-15));
#2188=DIRECTION('ref_axis',(2.33731163078979E-15,0.,-1.));
#2189=DIRECTION('',(-2.33731163078979E-15,0.,1.));
#2190=DIRECTION('',(2.33731163078979E-15,0.,-1.));
#2191=DIRECTION('',(0.,1.,0.));
#2192=DIRECTION('center_axis',(0.,1.,0.));
#2193=DIRECTION('ref_axis',(4.06179155350667E-16,0.,1.));
#2194=DIRECTION('center_axis',(0.,-1.,0.));
#2195=DIRECTION('ref_axis',(4.06179155350667E-16,0.,1.));
#2196=DIRECTION('center_axis',(0.,1.,0.));
#2197=DIRECTION('ref_axis',(4.06179155350667E-16,0.,1.));
#2198=DIRECTION('',(0.,-1.,0.));
#2199=DIRECTION('center_axis',(3.31409858097061E-16,0.,1.));
#2200=DIRECTION('ref_axis',(1.,0.,-3.31409858097061E-16));
#2201=DIRECTION('',(-1.,0.,3.31409858097061E-16));
#2202=DIRECTION('',(1.,0.,-3.31409858097061E-16));
#2203=DIRECTION('',(0.,1.,0.));
#2204=DIRECTION('center_axis',(0.,1.,0.));
#2205=DIRECTION('ref_axis',(-1.,0.,5.41572207134222E-16));
#2206=DIRECTION('center_axis',(0.,-1.,0.));
#2207=DIRECTION('ref_axis',(-1.,0.,5.41572207134222E-16));
#2208=DIRECTION('center_axis',(0.,1.,0.));
#2209=DIRECTION('ref_axis',(-1.,0.,5.41572207134222E-16));
#2210=DIRECTION('',(0.,1.,0.));
#2211=DIRECTION('center_axis',(-1.,0.,0.));
#2212=DIRECTION('ref_axis',(0.,0.,1.));
#2213=DIRECTION('',(0.,0.,-1.));
#2214=DIRECTION('',(0.,0.,1.));
#2215=DIRECTION('',(0.,1.,0.));
#2216=DIRECTION('center_axis',(0.,1.,0.));
#2217=DIRECTION('ref_axis',(1.08314441426845E-15,0.,-1.));
#2218=DIRECTION('center_axis',(0.,-1.,0.));
#2219=DIRECTION('ref_axis',(1.08314441426845E-15,0.,-1.));
#2220=DIRECTION('center_axis',(0.,1.,0.));
#2221=DIRECTION('ref_axis',(1.08314441426845E-15,0.,-1.));
#2222=DIRECTION('center_axis',(0.,0.,-1.));
#2223=DIRECTION('ref_axis',(1.,0.,0.));
#2224=DIRECTION('center_axis',(0.,0.,-1.));
#2225=DIRECTION('ref_axis',(1.,0.,0.));
#2226=DIRECTION('',(-0.707106781186548,-8.65956056235493E-17,-0.707106781186548));
#2227=DIRECTION('center_axis',(0.,0.,1.));
#2228=DIRECTION('ref_axis',(1.,0.,0.));
#2229=DIRECTION('center_axis',(0.,0.,1.));
#2230=DIRECTION('ref_axis',(1.,0.,0.));
#2231=DIRECTION('center_axis',(0.,0.,1.));
#2232=DIRECTION('ref_axis',(1.,0.,0.));
#2233=DIRECTION('',(0.,0.,-1.));
#2234=DIRECTION('center_axis',(0.,0.,-1.));
#2235=DIRECTION('ref_axis',(1.,0.,0.));
#2236=DIRECTION('center_axis',(0.,0.,-1.));
#2237=DIRECTION('ref_axis',(1.,0.,0.));
#2238=DIRECTION('center_axis',(0.,0.,-1.));
#2239=DIRECTION('ref_axis',(1.,0.,0.));
#2240=DIRECTION('',(-0.707106781186548,-8.65956056235493E-17,-0.707106781186548));
#2241=DIRECTION('center_axis',(0.,0.,1.));
#2242=DIRECTION('ref_axis',(1.,0.,0.));
#2243=DIRECTION('center_axis',(0.,0.,1.));
#2244=DIRECTION('ref_axis',(1.,0.,0.));
#2245=DIRECTION('center_axis',(0.,0.,1.));
#2246=DIRECTION('ref_axis',(1.,0.,0.));
#2247=DIRECTION('',(0.,0.,-1.));
#2248=DIRECTION('center_axis',(0.,0.,-1.));
#2249=DIRECTION('ref_axis',(1.,0.,0.));
#2250=DIRECTION('center_axis',(0.,0.,-1.));
#2251=DIRECTION('ref_axis',(1.,0.,0.));
#2252=DIRECTION('center_axis',(0.,0.,-1.));
#2253=DIRECTION('ref_axis',(1.,0.,0.));
#2254=DIRECTION('',(-0.707106781186548,-8.65956056235493E-17,-0.707106781186548));
#2255=DIRECTION('center_axis',(0.,0.,1.));
#2256=DIRECTION('ref_axis',(1.,0.,0.));
#2257=DIRECTION('center_axis',(0.,0.,1.));
#2258=DIRECTION('ref_axis',(1.,0.,0.));
#2259=DIRECTION('center_axis',(0.,0.,1.));
#2260=DIRECTION('ref_axis',(1.,0.,0.));
#2261=DIRECTION('',(0.,0.,-1.));
#2262=DIRECTION('center_axis',(0.,0.,-1.));
#2263=DIRECTION('ref_axis',(1.,0.,0.));
#2264=DIRECTION('center_axis',(0.,0.,-1.));
#2265=DIRECTION('ref_axis',(1.,0.,0.));
#2266=DIRECTION('center_axis',(0.,0.,-1.));
#2267=DIRECTION('ref_axis',(1.,0.,0.));
#2268=DIRECTION('',(-0.707106781186548,-8.65956056235493E-17,-0.707106781186548));
#2269=DIRECTION('center_axis',(0.,0.,1.));
#2270=DIRECTION('ref_axis',(1.,0.,0.));
#2271=DIRECTION('center_axis',(0.,0.,1.));
#2272=DIRECTION('ref_axis',(1.,0.,0.));
#2273=DIRECTION('center_axis',(0.,0.,1.));
#2274=DIRECTION('ref_axis',(1.,0.,0.));
#2275=DIRECTION('',(0.,0.,-1.));
#2276=DIRECTION('center_axis',(0.,0.,-1.));
#2277=DIRECTION('ref_axis',(1.,0.,0.));
#2278=DIRECTION('center_axis',(0.,0.,1.));
#2279=DIRECTION('ref_axis',(1.,0.,0.));
#2280=DIRECTION('center_axis',(0.,0.,-1.));
#2281=DIRECTION('ref_axis',(0.,1.,0.));
#2282=DIRECTION('',(0.,1.,0.));
#2283=DIRECTION('center_axis',(0.,0.,-1.));
#2284=DIRECTION('ref_axis',(-1.,0.,0.));
#2285=DIRECTION('',(-1.,0.,0.));
#2286=DIRECTION('center_axis',(0.,0.,-1.));
#2287=DIRECTION('ref_axis',(0.,-1.,0.));
#2288=DIRECTION('',(0.,-1.,0.));
#2289=DIRECTION('center_axis',(0.,0.,-1.));
#2290=DIRECTION('ref_axis',(1.,0.,0.));
#2291=DIRECTION('',(1.,0.,0.));
#2292=DIRECTION('center_axis',(0.,0.,1.));
#2293=DIRECTION('ref_axis',(0.,-1.,0.));
#2294=DIRECTION('',(0.,0.,1.));
#2295=DIRECTION('center_axis',(0.,0.,-1.));
#2296=DIRECTION('ref_axis',(0.,-1.,0.));
#2297=DIRECTION('',(0.,0.,1.));
#2298=DIRECTION('center_axis',(0.,1.,0.));
#2299=DIRECTION('ref_axis',(-1.,0.,0.));
#2300=DIRECTION('',(0.,0.,1.));
#2301=DIRECTION('',(-1.,0.,0.));
#2302=DIRECTION('center_axis',(0.,0.,1.));
#2303=DIRECTION('ref_axis',(-1.,0.,0.));
#2304=DIRECTION('',(0.,0.,1.));
#2305=DIRECTION('center_axis',(0.,0.,-1.));
#2306=DIRECTION('ref_axis',(-1.,0.,0.));
#2307=DIRECTION('center_axis',(1.,0.,0.));
#2308=DIRECTION('ref_axis',(0.,1.,0.));
#2309=DIRECTION('',(0.,0.,1.));
#2310=DIRECTION('',(0.,1.,0.));
#2311=DIRECTION('center_axis',(-1.,0.,0.));
#2312=DIRECTION('ref_axis',(0.,-1.,0.));
#2313=DIRECTION('',(0.,-1.,0.));
#2314=DIRECTION('',(0.,0.,1.));
#2315=DIRECTION('center_axis',(0.,0.,1.));
#2316=DIRECTION('ref_axis',(1.,0.,0.));
#2317=DIRECTION('center_axis',(0.,0.,-1.));
#2318=DIRECTION('ref_axis',(1.,0.,0.));
#2319=DIRECTION('',(0.,0.,1.));
#2320=DIRECTION('center_axis',(0.,-1.,0.));
#2321=DIRECTION('ref_axis',(1.,0.,0.));
#2322=DIRECTION('',(1.,0.,0.));
#2323=DIRECTION('',(0.,0.,1.));
#2324=DIRECTION('center_axis',(0.,0.,1.));
#2325=DIRECTION('ref_axis',(0.,1.,0.));
#2326=DIRECTION('center_axis',(0.,0.,-1.));
#2327=DIRECTION('ref_axis',(0.,1.,0.));
#2328=DIRECTION('center_axis',(0.,1.,0.));
#2329=DIRECTION('ref_axis',(-1.,0.,0.));
#2330=DIRECTION('',(-1.,0.,0.));
#2331=DIRECTION('',(0.,0.,1.));
#2332=DIRECTION('',(-1.,0.,0.));
#2333=DIRECTION('',(0.,0.,1.));
#2334=DIRECTION('center_axis',(0.,0.,1.));
#2335=DIRECTION('ref_axis',(1.,0.,0.));
#2336=DIRECTION('center_axis',(0.,0.,1.));
#2337=DIRECTION('ref_axis',(1.,0.,0.));
#2338=DIRECTION('center_axis',(0.,0.,1.));
#2339=DIRECTION('ref_axis',(1.,0.,0.));
#2340=DIRECTION('',(0.,0.,1.));
#2341=DIRECTION('center_axis',(1.,-9.06304509898087E-17,0.));
#2342=DIRECTION('ref_axis',(9.06304509898087E-17,1.,0.));
#2343=DIRECTION('',(9.06304509898087E-17,1.,0.));
#2344=DIRECTION('',(9.06304509898087E-17,1.,0.));
#2345=DIRECTION('',(0.,0.,1.));
#2346=DIRECTION('center_axis',(0.,0.,1.));
#2347=DIRECTION('ref_axis',(0.,-1.,0.));
#2348=DIRECTION('center_axis',(0.,0.,1.));
#2349=DIRECTION('ref_axis',(0.,-1.,0.));
#2350=DIRECTION('center_axis',(0.,0.,1.));
#2351=DIRECTION('ref_axis',(0.,-1.,0.));
#2352=DIRECTION('',(0.,0.,1.));
#2353=DIRECTION('center_axis',(0.,-1.,0.));
#2354=DIRECTION('ref_axis',(1.,0.,0.));
#2355=DIRECTION('',(1.,0.,0.));
#2356=DIRECTION('',(1.,0.,0.));
#2357=DIRECTION('',(0.,0.,1.));
#2358=DIRECTION('center_axis',(0.,0.,1.));
#2359=DIRECTION('ref_axis',(-1.,0.,0.));
#2360=DIRECTION('center_axis',(0.,0.,1.));
#2361=DIRECTION('ref_axis',(-1.,0.,0.));
#2362=DIRECTION('center_axis',(0.,0.,1.));
#2363=DIRECTION('ref_axis',(-1.,0.,0.));
#2364=DIRECTION('',(0.,0.,1.));
#2365=DIRECTION('center_axis',(-1.,9.06304509898087E-17,0.));
#2366=DIRECTION('ref_axis',(-9.06304509898087E-17,-1.,0.));
#2367=DIRECTION('',(-9.06304509898087E-17,-1.,0.));
#2368=DIRECTION('',(-9.06304509898087E-17,-1.,0.));
#2369=DIRECTION('',(0.,0.,1.));
#2370=DIRECTION('center_axis',(0.,0.,1.));
#2371=DIRECTION('ref_axis',(0.,1.,0.));
#2372=DIRECTION('center_axis',(0.,0.,1.));
#2373=DIRECTION('ref_axis',(0.,1.,0.));
#2374=DIRECTION('center_axis',(0.,0.,1.));
#2375=DIRECTION('ref_axis',(0.,1.,0.));
#2376=DIRECTION('center_axis',(0.,0.,1.));
#2377=DIRECTION('ref_axis',(1.,0.,0.));
#2378=DIRECTION('center_axis',(0.,0.,1.));
#2379=DIRECTION('ref_axis',(1.,0.,0.));
#2380=DIRECTION('center_axis',(0.,0.,1.));
#2381=DIRECTION('ref_axis',(1.,8.22387425648264E-16,0.));
#2382=DIRECTION('center_axis',(0.,0.,1.));
#2383=DIRECTION('ref_axis',(1.,8.22387425648264E-16,0.));
#2384=DIRECTION('',(0.,0.,1.));
#2385=DIRECTION('center_axis',(0.,0.,-1.));
#2386=DIRECTION('ref_axis',(1.,8.22387425648264E-16,0.));
#2387=DIRECTION('',(0.,0.,1.));
#2388=DIRECTION('center_axis',(1.7415263131375E-16,-1.,0.));
#2389=DIRECTION('ref_axis',(1.,1.7415263131375E-16,0.));
#2390=DIRECTION('',(1.,1.7415263131375E-16,0.));
#2391=DIRECTION('',(0.,0.,1.));
#2392=DIRECTION('',(-1.,-1.7415263131375E-16,0.));
#2393=DIRECTION('center_axis',(0.,0.,1.));
#2394=DIRECTION('ref_axis',(4.11193712824132E-16,-1.,0.));
#2395=DIRECTION('center_axis',(0.,0.,1.));
#2396=DIRECTION('ref_axis',(4.11193712824132E-16,-1.,0.));
#2397=DIRECTION('',(0.,0.,1.));
#2398=DIRECTION('center_axis',(0.,0.,-1.));
#2399=DIRECTION('ref_axis',(4.11193712824132E-16,-1.,0.));
#2400=DIRECTION('center_axis',(-1.,1.81260901979617E-16,0.));
#2401=DIRECTION('ref_axis',(-1.81260901979617E-16,-1.,0.));
#2402=DIRECTION('',(-1.81260901979617E-16,-1.,0.));
#2403=DIRECTION('',(0.,0.,1.));
#2404=DIRECTION('',(1.81260901979617E-16,1.,0.));
#2405=DIRECTION('center_axis',(0.,0.,1.));
#2406=DIRECTION('ref_axis',(-1.,-8.22387425648264E-16,0.));
#2407=DIRECTION('center_axis',(0.,0.,1.));
#2408=DIRECTION('ref_axis',(-1.,-8.22387425648264E-16,0.));
#2409=DIRECTION('',(0.,0.,1.));
#2410=DIRECTION('center_axis',(0.,0.,-1.));
#2411=DIRECTION('ref_axis',(-1.,-8.22387425648264E-16,0.));
#2412=DIRECTION('center_axis',(1.7415263131375E-16,1.,0.));
#2413=DIRECTION('ref_axis',(-1.,1.7415263131375E-16,0.));
#2414=DIRECTION('',(-1.,1.7415263131375E-16,0.));
#2415=DIRECTION('',(0.,0.,1.));
#2416=DIRECTION('',(1.,-1.7415263131375E-16,0.));
#2417=DIRECTION('center_axis',(0.,0.,1.));
#2418=DIRECTION('ref_axis',(-4.11193712824132E-16,1.,0.));
#2419=DIRECTION('center_axis',(0.,0.,1.));
#2420=DIRECTION('ref_axis',(-4.11193712824132E-16,1.,0.));
#2421=DIRECTION('',(0.,0.,1.));
#2422=DIRECTION('center_axis',(0.,0.,-1.));
#2423=DIRECTION('ref_axis',(-4.11193712824132E-16,1.,0.));
#2424=DIRECTION('center_axis',(1.,-1.35945676484713E-16,0.));
#2425=DIRECTION('ref_axis',(1.35945676484713E-16,1.,0.));
#2426=DIRECTION('',(1.35945676484713E-16,1.,0.));
#2427=DIRECTION('',(-1.35945676484713E-16,-1.,0.));
#2428=DIRECTION('center_axis',(0.,0.,1.));
#2429=DIRECTION('ref_axis',(-1.,0.,0.));
#2430=DIRECTION('',(-1.,0.,0.));
#2431=DIRECTION('center_axis',(0.,0.,1.));
#2432=DIRECTION('ref_axis',(-5.9211894646675E-16,1.,0.));
#2433=DIRECTION('',(0.,-1.,0.));
#2434=DIRECTION('center_axis',(0.,0.,1.));
#2435=DIRECTION('ref_axis',(-1.,0.,0.));
#2436=DIRECTION('',(1.,0.,0.));
#2437=DIRECTION('center_axis',(0.,0.,1.));
#2438=DIRECTION('ref_axis',(8.88178419700125E-16,-1.,0.));
#2439=DIRECTION('',(0.,1.,0.));
#2440=DIRECTION('center_axis',(0.,0.,1.));
#2441=DIRECTION('ref_axis',(1.,0.,0.));
#2442=DIRECTION('center_axis',(0.,0.,-1.));
#2443=DIRECTION('ref_axis',(1.,0.,0.));
#2444=DIRECTION('center_axis',(0.,0.,-1.));
#2445=DIRECTION('ref_axis',(1.,0.,0.));
#2446=DIRECTION('',(0.,1.,0.));
#2447=DIRECTION('',(1.,0.,0.));
#2448=DIRECTION('',(0.,-1.,0.));
#2449=DIRECTION('',(-1.,0.,0.));
#2450=DIRECTION('center_axis',(0.,0.,-1.));
#2451=DIRECTION('ref_axis',(1.,0.,0.));
#2452=DIRECTION('center_axis',(0.,0.,-1.));
#2453=DIRECTION('ref_axis',(1.,0.,0.));
#2454=DIRECTION('center_axis',(0.,0.,-1.));
#2455=DIRECTION('ref_axis',(1.,0.,0.));
#2456=DIRECTION('',(0.,0.,-1.));
#2457=DIRECTION('center_axis',(0.,0.,1.));
#2458=DIRECTION('ref_axis',(1.,0.,0.));
#2459=DIRECTION('',(0.,0.,1.));
#2460=DIRECTION('center_axis',(0.,0.,1.));
#2461=DIRECTION('ref_axis',(1.,0.,0.));
#2462=DIRECTION('',(0.,0.,-1.));
#2463=DIRECTION('center_axis',(0.,0.,1.));
#2464=DIRECTION('ref_axis',(1.,0.,0.));
#2465=DIRECTION('center_axis',(0.,0.,1.));
#2466=DIRECTION('ref_axis',(-1.,0.,0.));
#2467=DIRECTION('',(9.06304509898087E-17,1.,0.));
#2468=DIRECTION('center_axis',(0.,0.,1.));
#2469=DIRECTION('ref_axis',(1.,0.,0.));
#2470=DIRECTION('',(-1.,0.,0.));
#2471=DIRECTION('center_axis',(0.,0.,1.));
#2472=DIRECTION('ref_axis',(-2.01858731750028E-15,1.,0.));
#2473=DIRECTION('',(-9.06304509898087E-17,-1.,0.));
#2474=DIRECTION('center_axis',(0.,0.,1.));
#2475=DIRECTION('ref_axis',(-1.,0.,0.));
#2476=DIRECTION('',(1.,0.,0.));
#2477=DIRECTION('center_axis',(0.,0.,1.));
#2478=DIRECTION('ref_axis',(2.01858731750028E-15,-1.,0.));
#2479=DIRECTION('',(9.06304509898087E-17,1.,0.));
#2480=DIRECTION('center_axis',(-1.,9.06304509898087E-17,0.));
#2481=DIRECTION('ref_axis',(9.06304509898087E-17,1.,0.));
#2482=DIRECTION('',(-9.06304509898087E-17,-1.,0.));
#2483=DIRECTION('',(0.,0.,-1.));
#2484=DIRECTION('center_axis',(-1.,9.06304509898087E-17,0.));
#2485=DIRECTION('ref_axis',(9.06304509898087E-17,1.,0.));
#2486=DIRECTION('',(0.,0.,-1.));
#2487=DIRECTION('',(-9.06304509898087E-17,-1.,0.));
#2488=DIRECTION('center_axis',(0.,0.,-1.));
#2489=DIRECTION('ref_axis',(1.,0.,0.));
#2490=DIRECTION('',(0.,0.,-1.));
#2491=DIRECTION('center_axis',(0.,0.,1.));
#2492=DIRECTION('ref_axis',(1.,0.,0.));
#2493=DIRECTION('center_axis',(1.,0.,0.));
#2494=DIRECTION('ref_axis',(0.,1.,0.));
#2495=DIRECTION('',(0.,0.,1.));
#2496=DIRECTION('',(0.,1.,0.));
#2497=DIRECTION('',(0.,0.,1.));
#2498=DIRECTION('center_axis',(0.,-1.,0.));
#2499=DIRECTION('ref_axis',(1.,0.,0.));
#2500=DIRECTION('',(1.,0.,0.));
#2501=DIRECTION('',(0.,0.,-1.));
#2502=DIRECTION('center_axis',(-1.,0.,0.));
#2503=DIRECTION('ref_axis',(0.,-1.,0.));
#2504=DIRECTION('',(0.,-1.,0.));
#2505=DIRECTION('',(0.,0.,1.));
#2506=DIRECTION('center_axis',(0.,1.,0.));
#2507=DIRECTION('ref_axis',(-1.,0.,0.));
#2508=DIRECTION('',(-1.,0.,0.));
#2509=DIRECTION('center_axis',(0.,0.,-1.));
#2510=DIRECTION('ref_axis',(1.,0.,0.));
#2511=DIRECTION('',(0.,0.,-1.));
#2512=DIRECTION('center_axis',(0.,0.,1.));
#2513=DIRECTION('ref_axis',(1.,0.,0.));
#2514=DIRECTION('center_axis',(0.,0.,-1.));
#2515=DIRECTION('ref_axis',(1.,0.,0.));
#2516=DIRECTION('',(0.,0.,-1.));
#2517=DIRECTION('center_axis',(0.,0.,1.));
#2518=DIRECTION('ref_axis',(1.,0.,0.));
#2519=DIRECTION('center_axis',(0.,-1.,0.));
#2520=DIRECTION('ref_axis',(-1.,0.,0.));
#2521=DIRECTION('',(1.,0.,0.));
#2522=DIRECTION('',(0.,0.,-1.));
#2523=DIRECTION('',(0.,0.,-1.));
#2524=DIRECTION('center_axis',(0.,0.,-1.));
#2525=DIRECTION('ref_axis',(1.,0.,0.));
#2526=DIRECTION('center_axis',(0.,0.,-1.));
#2527=DIRECTION('ref_axis',(1.,0.,0.));
#2528=DIRECTION('center_axis',(0.,0.,-1.));
#2529=DIRECTION('ref_axis',(2.01858731750028E-15,-1.,0.));
#2530=DIRECTION('center_axis',(0.,0.,-1.));
#2531=DIRECTION('ref_axis',(2.01858731750028E-15,-1.,0.));
#2532=DIRECTION('',(0.,0.,-1.));
#2533=DIRECTION('center_axis',(0.,1.,0.));
#2534=DIRECTION('ref_axis',(1.,0.,0.));
#2535=DIRECTION('',(-1.,0.,0.));
#2536=DIRECTION('',(0.,0.,-1.));
#2537=DIRECTION('center_axis',(0.,0.,-1.));
#2538=DIRECTION('ref_axis',(-1.,0.,0.));
#2539=DIRECTION('center_axis',(0.,0.,-1.));
#2540=DIRECTION('ref_axis',(-1.,0.,0.));
#2541=DIRECTION('',(0.,0.,-1.));
#2542=DIRECTION('center_axis',(1.,-9.06304509898087E-17,0.));
#2543=DIRECTION('ref_axis',(-9.06304509898087E-17,-1.,0.));
#2544=DIRECTION('',(9.06304509898087E-17,1.,0.));
#2545=DIRECTION('',(0.,0.,-1.));
#2546=DIRECTION('center_axis',(0.,0.,-1.));
#2547=DIRECTION('ref_axis',(-2.01858731750028E-15,1.,0.));
#2548=DIRECTION('center_axis',(0.,0.,-1.));
#2549=DIRECTION('ref_axis',(-2.01858731750028E-15,1.,0.));
#2550=DIRECTION('center_axis',(0.,0.,1.));
#2551=DIRECTION('ref_axis',(-1.,0.,0.));
#2552=DIRECTION('',(-1.,0.,0.));
#2553=DIRECTION('center_axis',(0.,0.,1.));
#2554=DIRECTION('ref_axis',(1.,0.,0.));
#2555=DIRECTION('',(0.,1.,0.));
#2556=DIRECTION('center_axis',(0.,0.,1.));
#2557=DIRECTION('ref_axis',(8.88178419700125E-16,-1.,0.));
#2558=DIRECTION('',(1.,0.,0.));
#2559=DIRECTION('center_axis',(0.,0.,1.));
#2560=DIRECTION('ref_axis',(-1.,0.,0.));
#2561=DIRECTION('',(0.,-1.,0.));
#2562=DIRECTION('center_axis',(0.,0.,1.));
#2563=DIRECTION('ref_axis',(-5.9211894646675E-16,1.,0.));
#2564=DIRECTION('center_axis',(0.,0.,1.));
#2565=DIRECTION('ref_axis',(1.,0.,0.));
#2566=DIRECTION('',(0.,0.,1.));
#2567=DIRECTION('',(0.,0.,1.));
#2568=DIRECTION('center_axis',(1.,0.,0.));
#2569=DIRECTION('ref_axis',(0.,1.,0.));
#2570=DIRECTION('',(0.,0.,1.));
#2571=DIRECTION('center_axis',(0.,0.,1.));
#2572=DIRECTION('ref_axis',(8.88178419700125E-16,-1.,0.));
#2573=DIRECTION('',(0.,0.,1.));
#2574=DIRECTION('center_axis',(0.,-1.,0.));
#2575=DIRECTION('ref_axis',(1.,0.,0.));
#2576=DIRECTION('',(0.,0.,1.));
#2577=DIRECTION('center_axis',(0.,0.,1.));
#2578=DIRECTION('ref_axis',(-1.,0.,0.));
#2579=DIRECTION('',(0.,0.,1.));
#2580=DIRECTION('center_axis',(-1.,0.,0.));
#2581=DIRECTION('ref_axis',(0.,-1.,0.));
#2582=DIRECTION('',(0.,0.,1.));
#2583=DIRECTION('center_axis',(0.,0.,1.));
#2584=DIRECTION('ref_axis',(-5.9211894646675E-16,1.,0.));
#2585=DIRECTION('',(0.,0.,1.));
#2586=DIRECTION('center_axis',(0.,1.,0.));
#2587=DIRECTION('ref_axis',(-1.,0.,0.));
#2588=DIRECTION('center_axis',(0.,0.,1.));
#2589=DIRECTION('ref_axis',(-1.,0.,0.));
#2590=DIRECTION('',(1.,0.,0.));
#2591=DIRECTION('',(1.,0.,0.));
#2592=DIRECTION('center_axis',(1.,0.,0.));
#2593=DIRECTION('ref_axis',(0.,-1.,0.));
#2594=DIRECTION('',(0.,-1.,0.));
#2595=DIRECTION('',(0.,0.,-1.));
#2596=DIRECTION('',(0.,1.,0.));
#2597=DIRECTION('',(0.,0.,1.));
#2598=DIRECTION('',(0.,-1.,0.));
#2599=DIRECTION('center_axis',(0.,0.,-1.));
#2600=DIRECTION('ref_axis',(-1.,0.,0.));
#2601=DIRECTION('center_axis',(0.,-1.,0.));
#2602=DIRECTION('ref_axis',(1.,0.,0.));
#2603=DIRECTION('center_axis',(0.,0.,-1.));
#2604=DIRECTION('ref_axis',(-1.,0.,0.));
#2605=DIRECTION('center_axis',(0.,0.,-1.));
#2606=DIRECTION('ref_axis',(-1.,0.,0.));
#2607=DIRECTION('center_axis',(0.,0.,1.));
#2608=DIRECTION('ref_axis',(-1.,0.,0.));
#2609=DIRECTION('center_axis',(0.,0.,-1.));
#2610=DIRECTION('ref_axis',(-1.,0.,0.));
#2611=DIRECTION('',(1.,0.,0.));
#2612=DIRECTION('',(-1.09793273283964E-14,1.,0.));
#2613=DIRECTION('',(1.,0.,0.));
#2614=DIRECTION('center_axis',(0.,0.,-1.));
#2615=DIRECTION('ref_axis',(1.,0.,0.));
#2616=DIRECTION('',(0.,0.,-1.));
#2617=DIRECTION('center_axis',(0.,0.,1.));
#2618=DIRECTION('ref_axis',(1.,0.,0.));
#2619=DIRECTION('center_axis',(0.,-1.,0.));
#2620=DIRECTION('ref_axis',(0.,0.,-1.));
#2621=DIRECTION('',(0.,0.,1.));
#2622=DIRECTION('',(1.,0.,0.));
#2623=DIRECTION('center_axis',(0.,1.,0.));
#2624=DIRECTION('ref_axis',(0.,0.,1.));
#2625=DIRECTION('',(1.,0.,0.));
#2626=DIRECTION('',(0.,0.,-1.));
#2627=DIRECTION('center_axis',(1.,1.09793273283964E-14,0.));
#2628=DIRECTION('ref_axis',(-1.09793273283964E-14,1.,0.));
#2629=DIRECTION('',(-1.09793273283964E-14,1.,0.));
#2630=DIRECTION('',(0.,0.,1.));
#2631=DIRECTION('',(-1.09793273283964E-14,1.,0.));
#2632=DIRECTION('',(0.,0.,1.));
#2633=DIRECTION('',(-1.09793273283964E-14,1.,0.));
#2634=DIRECTION('center_axis',(0.,0.,-1.));
#2635=DIRECTION('ref_axis',(-1.,0.,0.));
#2636=DIRECTION('center_axis',(0.,0.,1.));
#2637=DIRECTION('ref_axis',(-1.,0.,0.));
#2638=DIRECTION('center_axis',(0.,-1.,0.));
#2639=DIRECTION('ref_axis',(1.,0.,0.));
#2640=DIRECTION('center_axis',(0.,0.,-1.));
#2641=DIRECTION('ref_axis',(-1.,0.,0.));
#2642=DIRECTION('center_axis',(0.,0.,-1.));
#2643=DIRECTION('ref_axis',(-1.,0.,0.));
#2644=DIRECTION('center_axis',(0.,0.,-1.));
#2645=DIRECTION('ref_axis',(-1.,0.,0.));
#2646=DIRECTION('',(0.,1.,0.));
#2647=DIRECTION('',(-1.,0.,0.));
#2648=DIRECTION('',(1.09793273283964E-14,-1.,0.));
#2649=DIRECTION('',(1.,0.,0.));
#2650=DIRECTION('center_axis',(0.,0.,-1.));
#2651=DIRECTION('ref_axis',(1.,0.,0.));
#2652=DIRECTION('',(0.,0.,-1.));
#2653=DIRECTION('center_axis',(0.,0.,1.));
#2654=DIRECTION('ref_axis',(1.,0.,0.));
#2655=DIRECTION('center_axis',(0.,1.,0.));
#2656=DIRECTION('ref_axis',(0.,0.,1.));
#2657=DIRECTION('',(0.,0.,1.));
#2658=DIRECTION('',(-1.,0.,0.));
#2659=DIRECTION('',(0.,0.,1.));
#2660=DIRECTION('center_axis',(0.,-1.,0.));
#2661=DIRECTION('ref_axis',(0.,0.,-1.));
#2662=DIRECTION('',(0.,0.,-1.));
#2663=DIRECTION('',(1.,0.,0.));
#2664=DIRECTION('',(0.,0.,-1.));
#2665=DIRECTION('center_axis',(-1.,-1.09793273283964E-14,0.));
#2666=DIRECTION('ref_axis',(1.09793273283964E-14,-1.,0.));
#2667=DIRECTION('',(1.09793273283964E-14,-1.,0.));
#2668=DIRECTION('',(0.,0.,-1.));
#2669=DIRECTION('',(1.09793273283964E-14,-1.,0.));
#2670=DIRECTION('',(0.,0.,1.));
#2671=DIRECTION('',(1.09793273283964E-14,-1.,0.));
#2672=DIRECTION('center_axis',(-1.10730905343191E-14,1.,0.));
#2673=DIRECTION('ref_axis',(0.,0.,1.));
#2674=DIRECTION('',(0.,0.,-1.));
#2675=DIRECTION('',(-1.,-1.10730905343191E-14,0.));
#2676=DIRECTION('',(0.,0.,1.));
#2677=DIRECTION('',(1.,1.10730905343191E-14,0.));
#2678=DIRECTION('center_axis',(-1.,-1.10061070406563E-14,0.));
#2679=DIRECTION('ref_axis',(1.10061070406563E-14,-1.,0.));
#2680=DIRECTION('',(-1.10061070406563E-14,1.,0.));
#2681=DIRECTION('',(0.,0.,1.));
#2682=DIRECTION('',(1.11022302462516E-14,-1.,0.));
#2683=DIRECTION('center_axis',(0.,0.,-1.));
#2684=DIRECTION('ref_axis',(-1.,0.,0.));
#2685=DIRECTION('',(1.09580454378587E-14,-1.,0.));
#2686=DIRECTION('',(-1.,-1.10730905343192E-14,0.));
#2687=DIRECTION('',(0.,-1.,0.));
#2688=DIRECTION('',(1.,0.,0.));
#2689=DIRECTION('',(0.,1.,0.));
#2690=DIRECTION('',(-1.,-1.10730905343192E-14,0.));
#2691=DIRECTION('center_axis',(1.,1.09580454378587E-14,0.));
#2692=DIRECTION('ref_axis',(-1.09580454378587E-14,1.,0.));
#2693=DIRECTION('',(-1.09580454378587E-14,1.,0.));
#2694=DIRECTION('',(0.,0.,1.));
#2695=DIRECTION('center_axis',(1.11022302462516E-14,-1.,0.));
#2696=DIRECTION('ref_axis',(0.,0.,-1.));
#2697=DIRECTION('',(1.,1.11022302462516E-14,0.));
#2698=DIRECTION('',(-1.,-1.11022302462516E-14,0.));
#2699=DIRECTION('center_axis',(0.,0.,1.));
#2700=DIRECTION('ref_axis',(1.,0.,0.));
#2701=DIRECTION('',(-1.,-1.10781473173009E-14,0.));
#2702=DIRECTION('',(0.,-1.,0.));
#2703=DIRECTION('',(-1.,0.,0.));
#2704=DIRECTION('',(0.,1.,0.));
#2705=DIRECTION('',(-1.,-1.10781473173009E-14,0.));
#2706=DIRECTION('center_axis',(0.,0.,1.));
#2707=DIRECTION('ref_axis',(-1.,0.,0.));
#2708=DIRECTION('',(1.,1.10730905343192E-14,0.));
#2709=DIRECTION('',(0.,1.,0.));
#2710=DIRECTION('',(-1.,-1.10781473173009E-14,0.));
#2711=DIRECTION('',(0.,-1.,0.));
#2712=DIRECTION('',(-1.,-1.10781473173009E-14,0.));
#2713=DIRECTION('',(0.,-1.,0.));
#2714=DIRECTION('',(1.,1.10730905343192E-14,0.));
#2715=DIRECTION('center_axis',(-1.,0.,0.));
#2716=DIRECTION('ref_axis',(0.,1.,0.));
#2717=DIRECTION('center_axis',(0.,-1.,0.));
#2718=DIRECTION('ref_axis',(0.,0.,-1.));
#2719=DIRECTION('',(0.,0.,1.));
#2720=DIRECTION('',(0.,0.,-1.));
#2721=DIRECTION('center_axis',(-1.,0.,0.));
#2722=DIRECTION('ref_axis',(0.,0.,-1.));
#2723=DIRECTION('',(0.,0.,1.));
#2724=DIRECTION('',(0.,0.,-1.));
#2725=DIRECTION('center_axis',(1.,0.,0.));
#2726=DIRECTION('ref_axis',(0.,0.,1.));
#2727=DIRECTION('',(0.,0.,-1.));
#2728=DIRECTION('',(0.,0.,1.));
#2729=DIRECTION('center_axis',(-1.10781473173009E-14,1.,0.));
#2730=DIRECTION('ref_axis',(-1.,-1.10781473173009E-14,0.));
#2731=DIRECTION('center_axis',(1.10730905343192E-14,-1.,0.));
#2732=DIRECTION('ref_axis',(1.,1.10730905343192E-14,0.));
#2733=DIRECTION('center_axis',(1.10730905343192E-14,-1.,0.));
#2734=DIRECTION('ref_axis',(1.,1.10730905343192E-14,0.));
#2735=DIRECTION('center_axis',(-1.10781473173009E-14,1.,0.));
#2736=DIRECTION('ref_axis',(-1.,-1.10781473173009E-14,0.));
#2737=CARTESIAN_POINT('',(0.,0.,0.));
#2738=CARTESIAN_POINT('Origin',(3.35000000000001,-30.,7.95000000000011));
#2739=CARTESIAN_POINT('',(-3.35,-30.,7.95000000000011));
#2740=CARTESIAN_POINT('',(3.35000000000001,-30.,7.95000000000011));
#2741=CARTESIAN_POINT('',(8.05000000000001,-30.,7.95000000000011));
#2742=CARTESIAN_POINT('',(-3.35,-32.,7.95000000000011));
#2743=CARTESIAN_POINT('',(-3.35,-30.,7.95000000000011));
#2744=CARTESIAN_POINT('',(3.35000000000001,-32.,7.95000000000011));
#2745=CARTESIAN_POINT('',(-4.69999999999999,-32.,7.95000000000011));
#2746=CARTESIAN_POINT('',(3.35000000000001,-30.,7.95000000000011));
#2747=CARTESIAN_POINT('Origin',(3.35,-30.,12.0500000000001));
#2748=CARTESIAN_POINT('',(7.45,-30.,12.0500000000001));
#2749=CARTESIAN_POINT('Origin',(3.35,-30.,12.0500000000001));
#2750=CARTESIAN_POINT('',(7.45,-32.,12.0500000000001));
#2751=CARTESIAN_POINT('Origin',(3.35,-32.,12.0500000000001));
#2752=CARTESIAN_POINT('',(7.45,-30.,12.0500000000001));
#2753=CARTESIAN_POINT('Origin',(7.45,-30.,13.0000000000001));
#2754=CARTESIAN_POINT('',(7.45,-30.,13.0000000000001));
#2755=CARTESIAN_POINT('',(7.45000000000001,-30.,6.50000000000005));
#2756=CARTESIAN_POINT('',(7.45,-32.,13.0000000000001));
#2757=CARTESIAN_POINT('',(7.45000000000001,-32.,6.50000000000008));
#2758=CARTESIAN_POINT('',(7.45,-30.,13.0000000000001));
#2759=CARTESIAN_POINT('Origin',(3.35,-30.,13.0000000000001));
#2760=CARTESIAN_POINT('',(3.35,-30.,17.1000000000001));
#2761=CARTESIAN_POINT('Origin',(3.35,-30.,13.0000000000001));
#2762=CARTESIAN_POINT('',(3.35,-32.,17.1000000000001));
#2763=CARTESIAN_POINT('Origin',(3.35,-32.,13.0000000000001));
#2764=CARTESIAN_POINT('',(3.35,-30.,17.1000000000001));
#2765=CARTESIAN_POINT('Origin',(-3.35000000000001,-30.,17.1000000000001));
#2766=CARTESIAN_POINT('',(-3.35000000000001,-30.,17.1000000000001));
#2767=CARTESIAN_POINT('',(4.7,-30.,17.1000000000001));
#2768=CARTESIAN_POINT('',(-3.35000000000001,-32.,17.1000000000001));
#2769=CARTESIAN_POINT('',(-8.05,-32.,17.1000000000001));
#2770=CARTESIAN_POINT('',(-3.35000000000001,-30.,17.1000000000001));
#2771=CARTESIAN_POINT('Origin',(-3.35,-30.,13.0000000000001));
#2772=CARTESIAN_POINT('',(-7.45,-30.,13.0000000000001));
#2773=CARTESIAN_POINT('Origin',(-3.35,-30.,13.0000000000001));
#2774=CARTESIAN_POINT('',(-7.45,-32.,13.0000000000001));
#2775=CARTESIAN_POINT('Origin',(-3.35,-32.,13.0000000000001));
#2776=CARTESIAN_POINT('',(-7.45,-30.,13.0000000000001));
#2777=CARTESIAN_POINT('Origin',(-7.45,-30.,12.0500000000001));
#2778=CARTESIAN_POINT('',(-7.45,-30.,12.0500000000001));
#2779=CARTESIAN_POINT('',(-7.45,-30.,6.02500000000006));
#2780=CARTESIAN_POINT('',(-7.45,-32.,12.0500000000001));
#2781=CARTESIAN_POINT('',(-7.45,-32.,6.02500000000006));
#2782=CARTESIAN_POINT('',(-7.45,-30.,12.0500000000001));
#2783=CARTESIAN_POINT('Origin',(-3.35,-30.,12.0500000000001));
#2784=CARTESIAN_POINT('Origin',(-3.35,-30.,12.0500000000001));
#2785=CARTESIAN_POINT('Origin',(-3.35,-32.,12.0500000000001));
#2786=CARTESIAN_POINT('Origin',(11.6,23.5,13.5));
#2787=CARTESIAN_POINT('',(11.5,23.5,14.));
#2788=CARTESIAN_POINT('Origin',(11.6,23.5,14.));
#2789=CARTESIAN_POINT('',(10.5,23.5,13.));
#2790=CARTESIAN_POINT('',(11.,23.5,13.5));
#2791=CARTESIAN_POINT('Origin',(11.6,23.5,13.));
#2792=CARTESIAN_POINT('Origin',(11.6,23.5,14.));
#2793=CARTESIAN_POINT('Origin',(11.6,23.5,0.));
#2794=CARTESIAN_POINT('',(10.5,23.5,2.));
#2795=CARTESIAN_POINT('',(10.5,23.5,0.));
#2796=CARTESIAN_POINT('Origin',(11.6,23.5,2.));
#2797=CARTESIAN_POINT('Origin',(-11.6,23.5,13.5));
#2798=CARTESIAN_POINT('',(-11.7,23.5,14.));
#2799=CARTESIAN_POINT('Origin',(-11.6,23.5,14.));
#2800=CARTESIAN_POINT('',(-12.7,23.5,13.));
#2801=CARTESIAN_POINT('',(-12.2,23.5,13.5));
#2802=CARTESIAN_POINT('Origin',(-11.6,23.5,13.));
#2803=CARTESIAN_POINT('Origin',(-11.6,23.5,14.));
#2804=CARTESIAN_POINT('Origin',(-11.6,23.5,0.));
#2805=CARTESIAN_POINT('',(-12.7,23.5,2.));
#2806=CARTESIAN_POINT('',(-12.7,23.5,0.));
#2807=CARTESIAN_POINT('Origin',(-11.6,23.5,2.));
#2808=CARTESIAN_POINT('Origin',(11.6,-23.5,13.5));
#2809=CARTESIAN_POINT('',(11.5,-23.5,14.));
#2810=CARTESIAN_POINT('Origin',(11.6,-23.5,14.));
#2811=CARTESIAN_POINT('',(10.5,-23.5,13.));
#2812=CARTESIAN_POINT('',(11.,-23.5,13.5));
#2813=CARTESIAN_POINT('Origin',(11.6,-23.5,13.));
#2814=CARTESIAN_POINT('Origin',(11.6,-23.5,14.));
#2815=CARTESIAN_POINT('Origin',(11.6,-23.5,0.));
#2816=CARTESIAN_POINT('',(10.5,-23.5,2.));
#2817=CARTESIAN_POINT('',(10.5,-23.5,0.));
#2818=CARTESIAN_POINT('Origin',(11.6,-23.5,2.));
#2819=CARTESIAN_POINT('Origin',(-11.6,-23.5,13.5));
#2820=CARTESIAN_POINT('',(-11.7,-23.5,14.));
#2821=CARTESIAN_POINT('Origin',(-11.6,-23.5,14.));
#2822=CARTESIAN_POINT('',(-12.7,-23.5,13.));
#2823=CARTESIAN_POINT('',(-12.2,-23.5,13.5));
#2824=CARTESIAN_POINT('Origin',(-11.6,-23.5,13.));
#2825=CARTESIAN_POINT('Origin',(-11.6,-23.5,14.));
#2826=CARTESIAN_POINT('Origin',(-11.6,-23.5,0.));
#2827=CARTESIAN_POINT('',(-12.7,-23.5,2.));
#2828=CARTESIAN_POINT('',(-12.7,-23.5,0.));
#2829=CARTESIAN_POINT('Origin',(-11.6,-23.5,2.));
#2830=CARTESIAN_POINT('Origin',(0.,0.,2.));
#2831=CARTESIAN_POINT('',(-18.25,24.5,2.));
#2832=CARTESIAN_POINT('',(-12.75,30.,2.));
#2833=CARTESIAN_POINT('Origin',(-12.75,24.5,2.));
#2834=CARTESIAN_POINT('',(-18.25,-24.5,2.));
#2835=CARTESIAN_POINT('',(-18.25,-12.25,2.));
#2836=CARTESIAN_POINT('',(-12.75,-30.,2.));
#2837=CARTESIAN_POINT('Origin',(-12.75,-24.5,2.));
#2838=CARTESIAN_POINT('',(12.75,-30.,2.));
#2839=CARTESIAN_POINT('',(6.375,-30.,2.));
#2840=CARTESIAN_POINT('',(18.25,-24.5,2.));
#2841=CARTESIAN_POINT('Origin',(12.75,-24.5,2.));
#2842=CARTESIAN_POINT('',(18.25,24.5,2.));
#2843=CARTESIAN_POINT('',(18.25,12.25,2.));
#2844=CARTESIAN_POINT('',(12.75,30.,2.));
#2845=CARTESIAN_POINT('Origin',(12.75,24.5,2.));
#2846=CARTESIAN_POINT('',(-6.375,30.,2.));
#2847=CARTESIAN_POINT('Origin',(12.75,-24.5,0.));
#2848=CARTESIAN_POINT('',(12.75,-30.,19.95));
#2849=CARTESIAN_POINT('',(12.75,-30.,0.));
#2850=CARTESIAN_POINT('',(18.25,-24.5,19.95));
#2851=CARTESIAN_POINT('Origin',(12.75,-24.5,19.95));
#2852=CARTESIAN_POINT('',(18.25,-24.5,0.));
#2853=CARTESIAN_POINT('Origin',(12.75,-30.,0.));
#2854=CARTESIAN_POINT('',(-12.75,-30.,19.95));
#2855=CARTESIAN_POINT('',(-12.75,-30.,0.));
#2856=CARTESIAN_POINT('',(-12.75,-30.,19.95));
#2857=CARTESIAN_POINT('Origin',(-12.75,-24.5,0.));
#2858=CARTESIAN_POINT('',(-18.25,-24.5,19.95));
#2859=CARTESIAN_POINT('',(-18.25,-24.5,0.));
#2860=CARTESIAN_POINT('Origin',(-12.75,-24.5,19.95));
#2861=CARTESIAN_POINT('Origin',(-18.25,-24.5,0.));
#2862=CARTESIAN_POINT('',(-18.25,24.5,19.95));
#2863=CARTESIAN_POINT('',(-18.25,24.5,0.));
#2864=CARTESIAN_POINT('',(-18.25,24.5,19.95));
#2865=CARTESIAN_POINT('Origin',(18.25,24.5,0.));
#2866=CARTESIAN_POINT('',(18.25,24.5,19.95));
#2867=CARTESIAN_POINT('',(18.25,-24.5,19.95));
#2868=CARTESIAN_POINT('',(18.25,24.5,0.));
#2869=CARTESIAN_POINT('Origin',(12.75,24.5,0.));
#2870=CARTESIAN_POINT('',(12.75,30.,19.95));
#2871=CARTESIAN_POINT('Origin',(12.75,24.5,19.95));
#2872=CARTESIAN_POINT('',(12.75,30.,0.));
#2873=CARTESIAN_POINT('Origin',(-12.75,30.,0.));
#2874=CARTESIAN_POINT('',(-12.75,30.,19.95));
#2875=CARTESIAN_POINT('',(12.75,30.,19.95));
#2876=CARTESIAN_POINT('',(-12.75,30.,0.));
#2877=CARTESIAN_POINT('Origin',(-12.75,24.5,0.));
#2878=CARTESIAN_POINT('Origin',(-12.75,24.5,19.95));
#2879=CARTESIAN_POINT('Origin',(12.75,32.,0.));
#2880=CARTESIAN_POINT('',(12.75,32.,0.));
#2881=CARTESIAN_POINT('',(-12.75,32.,0.));
#2882=CARTESIAN_POINT('',(12.75,32.,0.));
#2883=CARTESIAN_POINT('',(-12.75,32.,19.95));
#2884=CARTESIAN_POINT('',(-12.75,32.,0.));
#2885=CARTESIAN_POINT('',(12.75,32.,19.95));
#2886=CARTESIAN_POINT('',(12.75,32.,19.95));
#2887=CARTESIAN_POINT('',(12.75,32.,0.));
#2888=CARTESIAN_POINT('Origin',(12.75,24.5,0.));
#2889=CARTESIAN_POINT('',(20.25,24.5,0.));
#2890=CARTESIAN_POINT('Origin',(12.75,24.5,0.));
#2891=CARTESIAN_POINT('',(20.25,24.5,19.95));
#2892=CARTESIAN_POINT('Origin',(12.75,24.5,19.95));
#2893=CARTESIAN_POINT('',(20.25,24.5,0.));
#2894=CARTESIAN_POINT('Origin',(20.25,-24.5,0.));
#2895=CARTESIAN_POINT('',(20.25,-24.5,0.));
#2896=CARTESIAN_POINT('',(20.25,-24.5,0.));
#2897=CARTESIAN_POINT('',(20.25,-24.5,19.95));
#2898=CARTESIAN_POINT('',(20.25,-24.5,19.95));
#2899=CARTESIAN_POINT('',(20.25,-24.5,0.));
#2900=CARTESIAN_POINT('Origin',(12.75,-24.5,0.));
#2901=CARTESIAN_POINT('',(12.75,-32.,0.));
#2902=CARTESIAN_POINT('Origin',(12.75,-24.5,0.));
#2903=CARTESIAN_POINT('',(12.75,-32.,19.95));
#2904=CARTESIAN_POINT('Origin',(12.75,-24.5,19.95));
#2905=CARTESIAN_POINT('',(12.75,-32.,0.));
#2906=CARTESIAN_POINT('Origin',(-12.75,-32.,0.));
#2907=CARTESIAN_POINT('',(-12.75,-32.,0.));
#2908=CARTESIAN_POINT('',(-12.75,-32.,0.));
#2909=CARTESIAN_POINT('',(-12.75,-32.,19.95));
#2910=CARTESIAN_POINT('',(-12.75,-32.,19.95));
#2911=CARTESIAN_POINT('',(-12.75,-32.,0.));
#2912=CARTESIAN_POINT('Origin',(-12.75,-24.5,0.));
#2913=CARTESIAN_POINT('',(-20.25,-24.5,0.));
#2914=CARTESIAN_POINT('Origin',(-12.75,-24.5,0.));
#2915=CARTESIAN_POINT('',(-20.25,-24.5,19.95));
#2916=CARTESIAN_POINT('Origin',(-12.75,-24.5,19.95));
#2917=CARTESIAN_POINT('',(-20.25,-24.5,0.));
#2918=CARTESIAN_POINT('Origin',(-20.25,24.5,0.));
#2919=CARTESIAN_POINT('',(-20.25,24.5,0.));
#2920=CARTESIAN_POINT('',(-20.25,24.5,0.));
#2921=CARTESIAN_POINT('',(-20.25,24.5,19.95));
#2922=CARTESIAN_POINT('',(-20.25,24.5,19.95));
#2923=CARTESIAN_POINT('',(-20.25,24.5,0.));
#2924=CARTESIAN_POINT('Origin',(-12.75,24.5,0.));
#2925=CARTESIAN_POINT('Origin',(-12.75,24.5,0.));
#2926=CARTESIAN_POINT('Origin',(-12.75,24.5,19.95));
#2927=CARTESIAN_POINT('Origin',(0.,0.,19.95));
#2928=CARTESIAN_POINT('Origin',(0.,0.,0.));
#2929=CARTESIAN_POINT('Origin',(12.75,-24.5,17.95));
#2930=CARTESIAN_POINT('',(12.75,-29.9,19.95));
#2931=CARTESIAN_POINT('',(18.15,-24.5,19.95));
#2932=CARTESIAN_POINT('Origin',(12.75,-24.5,19.95));
#2933=CARTESIAN_POINT('',(12.75,-29.9,17.95));
#2934=CARTESIAN_POINT('',(12.75,-29.9,17.95));
#2935=CARTESIAN_POINT('',(18.15,-24.5,17.95));
#2936=CARTESIAN_POINT('Origin',(12.75,-24.5,17.95));
#2937=CARTESIAN_POINT('',(18.15,-24.5,17.95));
#2938=CARTESIAN_POINT('Origin',(-12.75,-29.9,17.95));
#2939=CARTESIAN_POINT('',(-12.75,-29.9,19.95));
#2940=CARTESIAN_POINT('',(-6.375,-29.9,19.95));
#2941=CARTESIAN_POINT('',(-12.75,-29.9,17.95));
#2942=CARTESIAN_POINT('',(-12.75,-29.9,17.95));
#2943=CARTESIAN_POINT('',(12.75,-29.9,17.95));
#2944=CARTESIAN_POINT('Origin',(-12.75,-24.5,17.95));
#2945=CARTESIAN_POINT('',(-18.15,-24.5,19.95));
#2946=CARTESIAN_POINT('Origin',(-12.75,-24.5,19.95));
#2947=CARTESIAN_POINT('',(-18.15,-24.5,17.95));
#2948=CARTESIAN_POINT('',(-18.15,-24.5,17.95));
#2949=CARTESIAN_POINT('Origin',(-12.75,-24.5,17.95));
#2950=CARTESIAN_POINT('Origin',(-18.15,24.5,17.95));
#2951=CARTESIAN_POINT('',(-18.15,24.5,19.95));
#2952=CARTESIAN_POINT('',(-18.15,12.25,19.95));
#2953=CARTESIAN_POINT('',(-18.15,24.5,17.95));
#2954=CARTESIAN_POINT('',(-18.15,24.5,17.95));
#2955=CARTESIAN_POINT('',(-18.15,-24.5,17.95));
#2956=CARTESIAN_POINT('Origin',(-12.75,24.5,17.95));
#2957=CARTESIAN_POINT('',(-12.75,29.9,19.95));
#2958=CARTESIAN_POINT('Origin',(-12.75,24.5,19.95));
#2959=CARTESIAN_POINT('',(-12.75,29.9,17.95));
#2960=CARTESIAN_POINT('',(-12.75,29.9,17.95));
#2961=CARTESIAN_POINT('Origin',(-12.75,24.5,17.95));
#2962=CARTESIAN_POINT('Origin',(12.75,29.9,17.95));
#2963=CARTESIAN_POINT('',(12.75,29.9,19.95));
#2964=CARTESIAN_POINT('',(6.375,29.9,19.95));
#2965=CARTESIAN_POINT('',(12.75,29.9,17.95));
#2966=CARTESIAN_POINT('',(12.75,29.9,17.95));
#2967=CARTESIAN_POINT('',(-12.75,29.9,17.95));
#2968=CARTESIAN_POINT('Origin',(12.75,24.5,17.95));
#2969=CARTESIAN_POINT('',(18.15,24.5,19.95));
#2970=CARTESIAN_POINT('Origin',(12.75,24.5,19.95));
#2971=CARTESIAN_POINT('',(18.15,24.5,17.95));
#2972=CARTESIAN_POINT('',(18.15,24.5,17.95));
#2973=CARTESIAN_POINT('Origin',(12.75,24.5,17.95));
#2974=CARTESIAN_POINT('Origin',(18.15,-24.5,17.95));
#2975=CARTESIAN_POINT('',(18.15,-12.25,19.95));
#2976=CARTESIAN_POINT('',(18.15,24.5,17.95));
#2977=CARTESIAN_POINT('Origin',(0.,0.,21.95));
#2978=CARTESIAN_POINT('',(12.75,32.,21.95));
#2979=CARTESIAN_POINT('',(-12.75,32.,21.95));
#2980=CARTESIAN_POINT('',(12.75,32.,21.95));
#2981=CARTESIAN_POINT('',(-20.25,24.5,21.95));
#2982=CARTESIAN_POINT('Origin',(-12.75,24.5,21.95));
#2983=CARTESIAN_POINT('',(-20.25,-24.5,21.95));
#2984=CARTESIAN_POINT('',(-20.25,24.5,21.95));
#2985=CARTESIAN_POINT('',(-12.75,-32.,21.95));
#2986=CARTESIAN_POINT('Origin',(-12.75,-24.5,21.95));
#2987=CARTESIAN_POINT('',(12.75,-32.,21.95));
#2988=CARTESIAN_POINT('',(-12.75,-32.,21.95));
#2989=CARTESIAN_POINT('',(20.25,-24.5,21.95));
#2990=CARTESIAN_POINT('Origin',(12.75,-24.5,21.95));
#2991=CARTESIAN_POINT('',(20.25,24.5,21.95));
#2992=CARTESIAN_POINT('',(20.25,-24.5,21.95));
#2993=CARTESIAN_POINT('Origin',(12.75,24.5,21.95));
#2994=CARTESIAN_POINT('',(3.71091079711914,8.94918203353882,21.95));
#2995=CARTESIAN_POINT('Origin',(5.46091079711914,8.94918203353882,21.95));
#2996=CARTESIAN_POINT('',(-6.42279642820358,8.98542404174805,21.95));
#2997=CARTESIAN_POINT('Origin',(-4.67279642820358,8.98542404174805,21.95));
#2998=CARTESIAN_POINT('',(-3.22458911843228,-7.00000010430813,21.95));
#2999=CARTESIAN_POINT('',(-3.22458911843228,-4.34952803372173,21.95));
#3000=CARTESIAN_POINT('',(-3.22458911843228,-2.17476401686086,21.95));
#3001=CARTESIAN_POINT('',(4.00000005960464,-4.34952803372173,21.95));
#3002=CARTESIAN_POINT('',(2.00000002980232,-4.34952803372173,21.95));
#3003=CARTESIAN_POINT('',(4.00000005960464,-7.00000010430813,21.95));
#3004=CARTESIAN_POINT('',(4.00000005960464,-3.50000005215406,21.95));
#3005=CARTESIAN_POINT('',(-1.61229455921614,-7.00000010430813,21.95));
#3006=CARTESIAN_POINT('',(-15.6618824958801,5.9865622242825,21.95));
#3007=CARTESIAN_POINT('Origin',(-14.0618824958801,5.9865622242825,21.95));
#3008=CARTESIAN_POINT('',(13.396885061264,5.95679104328156,21.95));
#3009=CARTESIAN_POINT('Origin',(14.996885061264,5.95679104328156,21.95));
#3010=CARTESIAN_POINT('Origin',(14.996885061264,5.95679104328156,20.95));
#3011=CARTESIAN_POINT('',(13.396885061264,5.95679104328156,19.95));
#3012=CARTESIAN_POINT('',(13.396885061264,5.95679104328156,20.95));
#3013=CARTESIAN_POINT('',(16.05,7.16134445671375,19.95));
#3014=CARTESIAN_POINT('Origin',(14.996885061264,5.95679104328156,19.95));
#3015=CARTESIAN_POINT('',(16.05,7.16134445671375,17.95));
#3016=CARTESIAN_POINT('',(16.05,7.16134445671375,20.95));
#3017=CARTESIAN_POINT('',(16.05,4.75223762984936,17.95));
#3018=CARTESIAN_POINT('Origin',(14.996885061264,5.95679104328156,17.95));
#3019=CARTESIAN_POINT('',(16.05,4.75223762984936,19.95));
#3020=CARTESIAN_POINT('',(16.05,4.75223762984936,20.95));
#3021=CARTESIAN_POINT('Origin',(14.996885061264,5.95679104328156,19.95));
#3022=CARTESIAN_POINT('Origin',(2.22044604925031E-15,0.,17.95));
#3023=CARTESIAN_POINT('',(16.05,24.5,17.95));
#3024=CARTESIAN_POINT('',(16.05,24.5,17.95));
#3025=CARTESIAN_POINT('',(12.75,27.8,17.95));
#3026=CARTESIAN_POINT('Origin',(12.75,24.5,17.95));
#3027=CARTESIAN_POINT('',(-12.75,27.8,17.95));
#3028=CARTESIAN_POINT('',(-12.75,27.8,17.95));
#3029=CARTESIAN_POINT('',(-16.05,24.5,17.95));
#3030=CARTESIAN_POINT('Origin',(-12.75,24.5,17.95));
#3031=CARTESIAN_POINT('',(-16.05,-24.5,17.95));
#3032=CARTESIAN_POINT('',(-16.05,-24.5,17.95));
#3033=CARTESIAN_POINT('',(-12.75,-27.8,17.95));
#3034=CARTESIAN_POINT('Origin',(-12.75,-24.5,17.95));
#3035=CARTESIAN_POINT('',(12.75,-27.8,17.95));
#3036=CARTESIAN_POINT('',(12.75,-27.8,17.95));
#3037=CARTESIAN_POINT('',(16.05,-24.5,17.95));
#3038=CARTESIAN_POINT('Origin',(12.75,-24.5,17.95));
#3039=CARTESIAN_POINT('',(16.05,24.5,17.95));
#3040=CARTESIAN_POINT('Origin',(16.05,-24.5,19.95));
#3041=CARTESIAN_POINT('',(16.05,24.5,19.95));
#3042=CARTESIAN_POINT('',(16.05,-12.25,19.95));
#3043=CARTESIAN_POINT('',(16.05,24.5,19.95));
#3044=CARTESIAN_POINT('Origin',(16.05,-24.5,19.95));
#3045=CARTESIAN_POINT('',(16.05,-24.5,19.95));
#3046=CARTESIAN_POINT('',(16.05,-24.5,19.95));
#3047=CARTESIAN_POINT('',(16.05,-12.25,19.95));
#3048=CARTESIAN_POINT('Origin',(-14.0618824958801,5.9865622242825,20.95));
#3049=CARTESIAN_POINT('',(-15.6618824958801,5.9865622242825,19.95));
#3050=CARTESIAN_POINT('',(-15.6618824958801,5.9865622242825,20.95));
#3051=CARTESIAN_POINT('Origin',(-14.0618824958801,5.9865622242825,19.95));
#3052=CARTESIAN_POINT('Origin',(4.00000005960464,-7.00000010430813,21.95));
#3053=CARTESIAN_POINT('',(4.00000005960464,-4.34952803372173,19.95));
#3054=CARTESIAN_POINT('',(4.00000005960464,-4.34952803372173,21.95));
#3055=CARTESIAN_POINT('',(4.00000005960464,-7.00000010430813,19.95));
#3056=CARTESIAN_POINT('',(4.00000005960464,-3.50000005215406,19.95));
#3057=CARTESIAN_POINT('',(4.00000005960464,-7.00000010430813,21.95));
#3058=CARTESIAN_POINT('Origin',(-3.22458911843228,-7.00000010430813,21.95));
#3059=CARTESIAN_POINT('',(-3.22458911843228,-7.00000010430813,19.95));
#3060=CARTESIAN_POINT('',(-1.61229455921614,-7.00000010430813,19.95));
#3061=CARTESIAN_POINT('',(-3.22458911843228,-7.00000010430813,21.95));
#3062=CARTESIAN_POINT('Origin',(-3.22458911843228,-4.34952803372173,21.95));
#3063=CARTESIAN_POINT('',(-3.22458911843228,-4.34952803372173,19.95));
#3064=CARTESIAN_POINT('',(-3.22458911843228,-2.17476401686086,19.95));
#3065=CARTESIAN_POINT('',(-3.22458911843228,-4.34952803372173,21.95));
#3066=CARTESIAN_POINT('Origin',(4.00000005960464,-4.34952803372173,21.95));
#3067=CARTESIAN_POINT('',(2.00000002980232,-4.34952803372173,19.95));
#3068=CARTESIAN_POINT('Origin',(-4.67279642820358,8.98542404174805,20.2));
#3069=CARTESIAN_POINT('',(-6.42279642820358,8.98542404174805,19.95));
#3070=CARTESIAN_POINT('',(-6.42279642820358,8.98542404174805,20.2));
#3071=CARTESIAN_POINT('Origin',(-4.67279642820358,8.98542404174805,19.95));
#3072=CARTESIAN_POINT('Origin',(5.46091079711914,8.94918203353882,20.2));
#3073=CARTESIAN_POINT('',(3.71091079711914,8.94918203353882,19.95));
#3074=CARTESIAN_POINT('',(3.71091079711914,8.94918203353882,20.2));
#3075=CARTESIAN_POINT('Origin',(5.46091079711914,8.94918203353882,19.95));
#3076=CARTESIAN_POINT('Origin',(12.75,27.8,19.95));
#3077=CARTESIAN_POINT('',(-12.75,27.8,19.95));
#3078=CARTESIAN_POINT('',(12.75,27.8,19.95));
#3079=CARTESIAN_POINT('',(6.375,27.8,19.95));
#3080=CARTESIAN_POINT('',(-12.75,27.8,19.95));
#3081=CARTESIAN_POINT('',(12.75,27.8,19.95));
#3082=CARTESIAN_POINT('Origin',(12.75,24.5,19.95));
#3083=CARTESIAN_POINT('Origin',(12.75,24.5,19.95));
#3084=CARTESIAN_POINT('Origin',(12.75,-24.5,19.95));
#3085=CARTESIAN_POINT('',(12.75,-27.8,19.95));
#3086=CARTESIAN_POINT('Origin',(12.75,-24.5,19.95));
#3087=CARTESIAN_POINT('',(12.75,-27.8,19.95));
#3088=CARTESIAN_POINT('Origin',(-12.75,-27.8,19.95));
#3089=CARTESIAN_POINT('',(-12.75,-27.8,19.95));
#3090=CARTESIAN_POINT('',(-6.375,-27.8,19.95));
#3091=CARTESIAN_POINT('',(-12.75,-27.8,19.95));
#3092=CARTESIAN_POINT('Origin',(-12.75,-24.5,19.95));
#3093=CARTESIAN_POINT('',(-16.05,-24.5,19.95));
#3094=CARTESIAN_POINT('Origin',(-12.75,-24.5,19.95));
#3095=CARTESIAN_POINT('',(-16.05,-24.5,19.95));
#3096=CARTESIAN_POINT('Origin',(-16.05,24.5,19.95));
#3097=CARTESIAN_POINT('',(-16.05,24.5,19.95));
#3098=CARTESIAN_POINT('',(-16.05,12.25,19.95));
#3099=CARTESIAN_POINT('',(-16.05,24.5,19.95));
#3100=CARTESIAN_POINT('Origin',(-12.75,24.5,19.95));
#3101=CARTESIAN_POINT('Origin',(-12.75,24.5,19.95));
#3102=CARTESIAN_POINT('Origin',(0.,0.,19.95));
#3103=CARTESIAN_POINT('',(12.75,32.,19.95));
#3104=CARTESIAN_POINT('',(-12.75,32.,19.95));
#3105=CARTESIAN_POINT('',(12.75,32.,19.95));
#3106=CARTESIAN_POINT('',(20.25,24.5,19.95));
#3107=CARTESIAN_POINT('Origin',(12.75,24.5,19.95));
#3108=CARTESIAN_POINT('',(20.25,-24.5,19.95));
#3109=CARTESIAN_POINT('',(20.25,-24.5,19.95));
#3110=CARTESIAN_POINT('',(12.75,-32.,19.95));
#3111=CARTESIAN_POINT('Origin',(12.75,-24.5,19.95));
#3112=CARTESIAN_POINT('',(-12.75,-32.,19.95));
#3113=CARTESIAN_POINT('',(-12.75,-32.,19.95));
#3114=CARTESIAN_POINT('',(-20.25,-24.5,19.95));
#3115=CARTESIAN_POINT('Origin',(-12.75,-24.5,19.95));
#3116=CARTESIAN_POINT('',(-20.25,24.5,19.95));
#3117=CARTESIAN_POINT('',(-20.25,24.5,19.95));
#3118=CARTESIAN_POINT('Origin',(-12.75,24.5,19.95));
#3119=CARTESIAN_POINT('Origin',(12.75,24.5,19.95));
#3120=CARTESIAN_POINT('',(12.75,32.,19.95));
#3121=CARTESIAN_POINT('',(20.25,24.5,19.95));
#3122=CARTESIAN_POINT('Origin',(20.25,-24.5,19.95));
#3123=CARTESIAN_POINT('',(20.25,-24.5,19.95));
#3124=CARTESIAN_POINT('Origin',(12.75,-24.5,19.95));
#3125=CARTESIAN_POINT('',(12.75,-32.,19.95));
#3126=CARTESIAN_POINT('Origin',(-12.75,-32.,19.95));
#3127=CARTESIAN_POINT('',(-12.75,-32.,19.95));
#3128=CARTESIAN_POINT('Origin',(-12.75,-24.5,19.95));
#3129=CARTESIAN_POINT('',(-20.25,-24.5,19.95));
#3130=CARTESIAN_POINT('Origin',(-20.25,24.5,19.95));
#3131=CARTESIAN_POINT('',(-20.25,24.5,19.95));
#3132=CARTESIAN_POINT('Origin',(-12.75,24.5,19.95));
#3133=CARTESIAN_POINT('',(-12.75,32.,19.95));
#3134=CARTESIAN_POINT('Origin',(12.75,32.,19.95));
#3135=CARTESIAN_POINT('Origin',(0.,0.,19.95));
#3136=CARTESIAN_POINT('Ctrl Pts',(17.499999742955,6.65993888712615,26.95));
#3137=CARTESIAN_POINT('Ctrl Pts',(18.499999742955,6.65993888712615,26.95));
#3138=CARTESIAN_POINT('Ctrl Pts',(17.499999742955,6.59474761699553,26.95));
#3139=CARTESIAN_POINT('Ctrl Pts',(18.499999742955,6.59474761699553,26.95));
#3140=CARTESIAN_POINT('Ctrl Pts',(17.499999742955,6.51652012081826,26.949436713548));
#3141=CARTESIAN_POINT('Ctrl Pts',(18.499999742955,6.51652012081826,26.949436713548));
#3142=CARTESIAN_POINT('Ctrl Pts',(17.499999742955,6.29678885486657,26.9473687208054));
#3143=CARTESIAN_POINT('Ctrl Pts',(18.499999742955,6.29678885486657,26.9473687208054));
#3144=CARTESIAN_POINT('Ctrl Pts',(17.499999742955,6.11134077030602,26.9452955516309));
#3145=CARTESIAN_POINT('Ctrl Pts',(18.499999742955,6.11134077030602,26.9452955516309));
#3146=CARTESIAN_POINT('Ctrl Pts',(17.499999742955,5.95679104328156,26.9452955516309));
#3147=CARTESIAN_POINT('Ctrl Pts',(18.499999742955,5.95679104328156,26.9452955516309));
#3148=CARTESIAN_POINT('Ctrl Pts',(17.499999742955,5.80224131625709,26.9452955516309));
#3149=CARTESIAN_POINT('Ctrl Pts',(18.499999742955,5.80224131625709,26.9452955516309));
#3150=CARTESIAN_POINT('Ctrl Pts',(17.499999742955,5.61679323169654,26.9473687208054));
#3151=CARTESIAN_POINT('Ctrl Pts',(18.499999742955,5.61679323169654,26.9473687208054));
#3152=CARTESIAN_POINT('Ctrl Pts',(17.499999742955,5.39706196574485,26.949436713548));
#3153=CARTESIAN_POINT('Ctrl Pts',(18.499999742955,5.39706196574485,26.949436713548));
#3154=CARTESIAN_POINT('Ctrl Pts',(17.499999742955,5.31883446956758,26.95));
#3155=CARTESIAN_POINT('Ctrl Pts',(18.499999742955,5.31883446956758,26.95));
#3156=CARTESIAN_POINT('Ctrl Pts',(17.499999742955,5.25364319943696,26.95));
#3157=CARTESIAN_POINT('Ctrl Pts',(18.499999742955,5.25364319943696,26.95));
#3158=CARTESIAN_POINT('',(17.499999742955,5.25364319943696,26.95));
#3159=CARTESIAN_POINT('',(17.499999742955,5.95679104328156,26.9452955516309));
#3160=CARTESIAN_POINT('Ctrl Pts',(17.499999742955,5.25364319943696,26.95));
#3161=CARTESIAN_POINT('Ctrl Pts',(17.499999742955,5.31883446956758,26.95));
#3162=CARTESIAN_POINT('Ctrl Pts',(17.499999742955,5.39706196574485,26.949436713548));
#3163=CARTESIAN_POINT('Ctrl Pts',(17.499999742955,5.46225034888799,26.9488231954733));
#3164=CARTESIAN_POINT('Ctrl Pts',(17.499999742955,5.61679323169654,26.9473687208054));
#3165=CARTESIAN_POINT('Ctrl Pts',(17.499999742955,5.80224131625709,26.9452955516309));
#3166=CARTESIAN_POINT('Ctrl Pts',(17.499999742955,5.95679104328156,26.9452955516309));
#3167=CARTESIAN_POINT('',(18.499999742955,5.25364319943696,26.95));
#3168=CARTESIAN_POINT('',(17.499999742955,5.25364319943696,26.95));
#3169=CARTESIAN_POINT('',(18.499999742955,6.65993888712615,26.95));
#3170=CARTESIAN_POINT('Ctrl Pts',(18.499999742955,6.65993888712615,26.95));
#3171=CARTESIAN_POINT('Ctrl Pts',(18.499999742955,6.59474761699553,26.95));
#3172=CARTESIAN_POINT('Ctrl Pts',(18.499999742955,6.51652012081826,26.949436713548));
#3173=CARTESIAN_POINT('Ctrl Pts',(18.499999742955,6.45133173767512,26.9488231954733));
#3174=CARTESIAN_POINT('Ctrl Pts',(18.499999742955,6.29678885486657,26.9473687208054));
#3175=CARTESIAN_POINT('Ctrl Pts',(18.499999742955,6.11134077030602,26.9452955516309));
#3176=CARTESIAN_POINT('Ctrl Pts',(18.499999742955,5.95679104328156,26.9452955516309));
#3177=CARTESIAN_POINT('Ctrl Pts',(18.499999742955,5.80224131625709,26.9452955516309));
#3178=CARTESIAN_POINT('Ctrl Pts',(18.499999742955,5.61679323169654,26.9473687208054));
#3179=CARTESIAN_POINT('Ctrl Pts',(18.499999742955,5.46225034888799,26.9488231954733));
#3180=CARTESIAN_POINT('Ctrl Pts',(18.499999742955,5.39706196574485,26.949436713548));
#3181=CARTESIAN_POINT('Ctrl Pts',(18.499999742955,5.31883446956758,26.95));
#3182=CARTESIAN_POINT('Ctrl Pts',(18.499999742955,5.25364319943696,26.95));
#3183=CARTESIAN_POINT('',(17.499999742955,6.65993888712615,26.95));
#3184=CARTESIAN_POINT('',(17.499999742955,6.65993888712615,26.95));
#3185=CARTESIAN_POINT('Ctrl Pts',(17.499999742955,5.95679104328156,26.9452955516309));
#3186=CARTESIAN_POINT('Ctrl Pts',(17.499999742955,6.11134077030602,26.9452955516309));
#3187=CARTESIAN_POINT('Ctrl Pts',(17.499999742955,6.29678885486657,26.9473687208054));
#3188=CARTESIAN_POINT('Ctrl Pts',(17.499999742955,6.45133173767512,26.9488231954733));
#3189=CARTESIAN_POINT('Ctrl Pts',(17.499999742955,6.51652012081826,26.949436713548));
#3190=CARTESIAN_POINT('Ctrl Pts',(17.499999742955,6.59474761699553,26.95));
#3191=CARTESIAN_POINT('Ctrl Pts',(17.499999742955,6.65993888712615,26.95));
#3192=CARTESIAN_POINT('Origin',(18.499999742955,7.99999991059303,30.95));
#3193=CARTESIAN_POINT('',(18.499999742955,1.99999991059303,26.95));
#3194=CARTESIAN_POINT('',(18.499999742955,3.99999991059303,26.95));
#3195=CARTESIAN_POINT('',(18.499999742955,1.99999991059303,23.95));
#3196=CARTESIAN_POINT('',(18.499999742955,1.99999991059303,30.95));
#3197=CARTESIAN_POINT('',(18.499999742955,9.99999991059303,23.95));
#3198=CARTESIAN_POINT('',(18.499999742955,7.99999991059303,23.95));
#3199=CARTESIAN_POINT('',(18.499999742955,9.99999991059303,26.95));
#3200=CARTESIAN_POINT('',(18.499999742955,9.99999991059303,30.95));
#3201=CARTESIAN_POINT('',(18.499999742955,3.99999991059303,26.95));
#3202=CARTESIAN_POINT('Origin',(14.996885061264,5.95679104328156,25.95));
#3203=CARTESIAN_POINT('',(16.596885061264,5.95679104328156,25.95));
#3204=CARTESIAN_POINT('Origin',(17.596885061264,5.95679104328156,25.95));
#3205=CARTESIAN_POINT('',(13.396885061264,5.95679104328156,25.95));
#3206=CARTESIAN_POINT('Origin',(14.996885061264,5.95679104328156,25.95));
#3207=CARTESIAN_POINT('Origin',(14.996885061264,5.95679104328156,25.95));
#3208=CARTESIAN_POINT('Origin',(14.996885061264,5.95679104328156,26.95));
#3209=CARTESIAN_POINT('Origin',(14.7090046064813,5.99999991059303,26.95));
#3210=CARTESIAN_POINT('',(11.9180094700076,9.99999991059303,26.95));
#3211=CARTESIAN_POINT('',(13.3135070382444,9.99999991059303,26.95));
#3212=CARTESIAN_POINT('',(11.9180094700076,1.99999991059303,26.95));
#3213=CARTESIAN_POINT('',(11.9180094700077,-2.19667240273679,26.95));
#3214=CARTESIAN_POINT('',(17.499999742955,1.99999991059303,26.95));
#3215=CARTESIAN_POINT('Origin',(14.996885061264,5.95679104328156,20.95));
#3216=CARTESIAN_POINT('',(13.396885061264,5.95679104328156,23.95));
#3217=CARTESIAN_POINT('',(13.396885061264,5.95679104328156,20.95));
#3218=CARTESIAN_POINT('Origin',(14.996885061264,5.95679104328156,23.95));
#3219=CARTESIAN_POINT('Origin',(17.499999742955,1.99999991059303,30.95));
#3220=CARTESIAN_POINT('',(11.9180094700076,1.99999991059303,23.95));
#3221=CARTESIAN_POINT('',(11.9180094700077,1.99999991059303,27.45));
#3222=CARTESIAN_POINT('',(11.499999742955,1.99999991059303,23.95));
#3223=CARTESIAN_POINT('Origin',(11.9180094700076,9.99999991059303,30.95));
#3224=CARTESIAN_POINT('',(11.9180094700076,9.99999991059303,23.95));
#3225=CARTESIAN_POINT('',(17.499999742955,9.99999991059303,23.95));
#3226=CARTESIAN_POINT('',(11.9180094700076,9.99999991059303,27.45));
#3227=CARTESIAN_POINT('Origin',(11.9180094700078,-8.39334471606656,23.95));
#3228=CARTESIAN_POINT('',(11.9180094700075,18.7066552839334,23.95));
#3229=CARTESIAN_POINT('',(11.9180094700078,-8.39334471606656,23.95));
#3230=CARTESIAN_POINT('',(11.9180094700075,18.7066552839334,30.95));
#3231=CARTESIAN_POINT('',(11.9180094700075,18.7066552839334,23.95));
#3232=CARTESIAN_POINT('',(11.9180094700079,-19.3933447160666,30.95));
#3233=CARTESIAN_POINT('',(11.9180094700078,-8.39334471606656,30.95));
#3234=CARTESIAN_POINT('',(11.9180094700079,-19.3933447160666,23.95));
#3235=CARTESIAN_POINT('',(11.9180094700079,-19.3933447160666,23.95));
#3236=CARTESIAN_POINT('',(11.9180094700078,-8.39334471606656,23.95));
#3237=CARTESIAN_POINT('Origin',(-14.0618824958801,5.9865622242825,25.95));
#3238=CARTESIAN_POINT('',(-11.4618824958801,5.9865622242825,26.95));
#3239=CARTESIAN_POINT('Origin',(-14.0618824958801,5.9865622242825,26.95));
#3240=CARTESIAN_POINT('',(-12.4618824958801,5.9865622242825,25.95));
#3241=CARTESIAN_POINT('Origin',(-11.4618824958801,5.9865622242825,25.95));
#3242=CARTESIAN_POINT('',(-15.6618824958801,5.9865622242825,25.95));
#3243=CARTESIAN_POINT('Origin',(-14.0618824958801,5.9865622242825,25.95));
#3244=CARTESIAN_POINT('Origin',(-14.0618824958801,5.9865622242825,25.95));
#3245=CARTESIAN_POINT('Origin',(-13.9659951442968,5.99999991059303,26.95));
#3246=CARTESIAN_POINT('',(-16.7999997586012,1.99999991059303,26.95));
#3247=CARTESIAN_POINT('',(-16.7999997586012,9.99999991059303,26.95));
#3248=CARTESIAN_POINT('',(-16.7999997586012,7.99999991059303,26.95));
#3249=CARTESIAN_POINT('',(-11.1319905299923,1.99999991059303,26.95));
#3250=CARTESIAN_POINT('',(-12.5489928371445,1.99999991059303,26.95));
#3251=CARTESIAN_POINT('',(-11.1319905299924,9.99999991059303,26.95));
#3252=CARTESIAN_POINT('',(-11.1319905299924,13.3533275972631,26.95));
#3253=CARTESIAN_POINT('',(-15.382997451449,9.99999991059303,26.95));
#3254=CARTESIAN_POINT('Origin',(-14.0618824958801,5.9865622242825,20.95));
#3255=CARTESIAN_POINT('',(-15.6618824958801,5.9865622242825,23.95));
#3256=CARTESIAN_POINT('',(-15.6618824958801,5.9865622242825,20.95));
#3257=CARTESIAN_POINT('Origin',(-14.0618824958801,5.9865622242825,23.95));
#3258=CARTESIAN_POINT('Origin',(-16.7999997586012,9.99999991059303,30.95));
#3259=CARTESIAN_POINT('',(-11.1319905299924,9.99999991059303,23.95));
#3260=CARTESIAN_POINT('',(-11.1319905299924,9.99999991059303,27.45));
#3261=CARTESIAN_POINT('',(-16.7999997586012,9.99999991059303,23.95));
#3262=CARTESIAN_POINT('',(-16.7999997586012,9.99999991059303,23.95));
#3263=CARTESIAN_POINT('',(-16.7999997586012,9.99999991059303,30.95));
#3264=CARTESIAN_POINT('Origin',(-11.1319905299923,1.99999991059303,30.95));
#3265=CARTESIAN_POINT('',(-16.7999997586012,1.99999991059303,23.95));
#3266=CARTESIAN_POINT('',(-16.7999997586012,1.99999991059303,30.95));
#3267=CARTESIAN_POINT('',(-11.1319905299923,1.99999991059303,23.95));
#3268=CARTESIAN_POINT('',(-10.7999997586012,1.99999991059303,23.95));
#3269=CARTESIAN_POINT('',(-11.1319905299923,1.99999991059303,27.45));
#3270=CARTESIAN_POINT('Origin',(-11.1319905299925,18.7066552839332,23.95));
#3271=CARTESIAN_POINT('',(-11.1319905299921,-19.3933447160668,23.95));
#3272=CARTESIAN_POINT('',(-11.1319905299925,18.7066552839332,23.95));
#3273=CARTESIAN_POINT('',(-11.1319905299921,-19.3933447160668,30.95));
#3274=CARTESIAN_POINT('',(-11.1319905299921,-19.3933447160668,23.95));
#3275=CARTESIAN_POINT('',(-11.1319905299925,18.7066552839332,30.95));
#3276=CARTESIAN_POINT('',(-11.1319905299925,18.7066552839332,30.95));
#3277=CARTESIAN_POINT('',(-11.1319905299925,18.7066552839332,23.95));
#3278=CARTESIAN_POINT('',(-11.1319905299925,18.7066552839332,23.95));
#3279=CARTESIAN_POINT('',(-11.1319905299925,18.7066552839332,23.95));
#3280=CARTESIAN_POINT('Origin',(-9.13199052999209,-17.3933447160668,23.95));
#3281=CARTESIAN_POINT('',(-9.13199052999209,-17.3933447160668,28.95));
#3282=CARTESIAN_POINT('',(-9.13199052999209,-17.3933447160668,23.95));
#3283=CARTESIAN_POINT('',(-9.13199052999209,-17.3933447160668,23.95));
#3284=CARTESIAN_POINT('',(9.91800947000792,-17.3933447160666,28.95));
#3285=CARTESIAN_POINT('',(-4.36949052999209,-17.3933447160667,28.95));
#3286=CARTESIAN_POINT('',(9.91800947000792,-17.3933447160666,23.95));
#3287=CARTESIAN_POINT('',(9.91800947000788,-17.3933447160666,23.95));
#3288=CARTESIAN_POINT('',(-9.13199052999209,-17.3933447160668,23.95));
#3289=CARTESIAN_POINT('Origin',(9.91800947000751,16.7066552839334,23.95));
#3290=CARTESIAN_POINT('',(9.91800947000751,16.7066552839334,28.95));
#3291=CARTESIAN_POINT('',(9.91800947000757,10.9316552839334,28.95));
#3292=CARTESIAN_POINT('',(9.91800947000751,16.7066552839334,23.95));
#3293=CARTESIAN_POINT('',(9.91800947000751,16.7066552839334,23.95));
#3294=CARTESIAN_POINT('',(9.91800947000775,-5.39334471606658,23.95));
#3295=CARTESIAN_POINT('Origin',(0.393009470007649,5.1566552839333,28.95));
#3296=CARTESIAN_POINT('',(-9.13199052999246,16.7066552839332,28.95));
#3297=CARTESIAN_POINT('',(-9.13199052999227,-0.618344716066801,28.95));
#3298=CARTESIAN_POINT('',(-3.0756105634019,16.7066552839332,28.95));
#3299=CARTESIAN_POINT('',(-4.36949052999247,16.7066552839332,28.95));
#3300=CARTESIAN_POINT('',(-3.0756105634019,5.70665528393329,28.95));
#3301=CARTESIAN_POINT('',(-3.0756105634019,11.9316552839333,28.95));
#3302=CARTESIAN_POINT('',(3.82162950341731,5.70665528393329,28.95));
#3303=CARTESIAN_POINT('',(0.382664478360089,5.70665528393329,28.95));
#3304=CARTESIAN_POINT('',(3.82162950341731,16.7066552839333,28.95));
#3305=CARTESIAN_POINT('',(3.82162950341731,11.9316552839333,28.95));
#3306=CARTESIAN_POINT('',(-4.36949052999247,16.7066552839332,28.95));
#3307=CARTESIAN_POINT('Origin',(-9.13199052999221,-6.3933447160668,23.95));
#3308=CARTESIAN_POINT('',(-9.13199052999246,16.7066552839332,23.95));
#3309=CARTESIAN_POINT('',(-9.13199052999246,16.7066552839332,23.95));
#3310=CARTESIAN_POINT('',(-9.13199052999246,16.7066552839332,23.95));
#3311=CARTESIAN_POINT('Origin',(-11.1319905299921,-19.3933447160668,23.95));
#3312=CARTESIAN_POINT('',(-5.36949052999207,-19.3933447160668,23.95));
#3313=CARTESIAN_POINT('',(-5.36949052999207,-19.3933447160668,30.95));
#3314=CARTESIAN_POINT('Origin',(0.39300947000765,5.1566552839333,30.95));
#3315=CARTESIAN_POINT('',(3.82162950341731,18.7066552839333,30.95));
#3316=CARTESIAN_POINT('',(11.9180094700075,18.7066552839334,30.95));
#3317=CARTESIAN_POINT('',(3.82162950341731,5.70665528393329,30.95));
#3318=CARTESIAN_POINT('',(3.82162950341731,11.9316552839333,30.95));
#3319=CARTESIAN_POINT('',(-3.0756105634019,5.70665528393329,30.95));
#3320=CARTESIAN_POINT('',(0.382664478360089,5.70665528393329,30.95));
#3321=CARTESIAN_POINT('',(-3.0756105634019,18.7066552839333,30.95));
#3322=CARTESIAN_POINT('',(-3.0756105634019,11.9316552839333,30.95));
#3323=CARTESIAN_POINT('',(11.9180094700075,18.7066552839334,30.95));
#3324=CARTESIAN_POINT('Origin',(0.39300947000765,5.1566552839333,23.95));
#3325=CARTESIAN_POINT('',(3.82162950341731,16.7066552839333,23.9499999999999));
#3326=CARTESIAN_POINT('',(9.91800947000751,16.7066552839334,23.95));
#3327=CARTESIAN_POINT('',(3.82162950341731,18.7066552839333,23.9499999999999));
#3328=CARTESIAN_POINT('',(3.82162950341731,11.9316552839333,23.95));
#3329=CARTESIAN_POINT('',(11.9180094700075,18.7066552839334,23.95));
#3330=CARTESIAN_POINT('',(-16.7999997586012,3.99999991059303,23.95));
#3331=CARTESIAN_POINT('',(-3.0756105634019,18.7066552839333,23.9499999999999));
#3332=CARTESIAN_POINT('',(11.9180094700075,18.7066552839334,23.95));
#3333=CARTESIAN_POINT('',(-3.0756105634019,16.7066552839332,23.9499999999999));
#3334=CARTESIAN_POINT('',(-3.0756105634019,11.9316552839333,23.95));
#3335=CARTESIAN_POINT('',(9.91800947000751,16.7066552839334,23.95));
#3336=CARTESIAN_POINT('Origin',(-16.7999997586012,3.99999991059303,30.95));
#3337=CARTESIAN_POINT('Origin',(0.372319486712528,5.70665528393329,28.0506721567831));
#3338=CARTESIAN_POINT('',(3.82162950341731,5.70665528393329,23.9499999999999));
#3339=CARTESIAN_POINT('',(-3.0756105634019,5.70665528393329,30.95));
#3340=CARTESIAN_POINT('Origin',(-3.0756105634019,18.7066552839333,30.95));
#3341=CARTESIAN_POINT('',(-3.0756105634019,16.7066552839332,27.45));
#3342=CARTESIAN_POINT('',(-3.0756105634019,18.7066552839332,27.45));
#3343=CARTESIAN_POINT('Origin',(3.82162950341731,18.7066552839333,23.9499999999999));
#3344=CARTESIAN_POINT('',(3.82162950341731,16.7066552839333,23.95));
#3345=CARTESIAN_POINT('',(3.82162950341731,18.7066552839333,23.95));
#3346=CARTESIAN_POINT('Origin',(11.9180094700075,18.7066552839334,23.95));
#3347=CARTESIAN_POINT('Origin',(-9.13199052999246,16.7066552839332,23.95));
#3348=CARTESIAN_POINT('Origin',(-9.13199052999246,16.7066552839332,23.95));
#3349=CARTESIAN_POINT('Origin',(11.9180094700075,18.7066552839334,23.95));
#3350=UNCERTAINTY_MEASURE_WITH_UNIT(LENGTH_MEASURE(0.01),#3354,
'DISTANCE_ACCURACY_VALUE',
'Maximum model space distance between geometric entities at asserted c
onnectivities');
#3351=UNCERTAINTY_MEASURE_WITH_UNIT(LENGTH_MEASURE(0.01),#3354,
'DISTANCE_ACCURACY_VALUE',
'Maximum model space distance between geometric entities at asserted c
onnectivities');
#3352=(
GEOMETRIC_REPRESENTATION_CONTEXT(3)
GLOBAL_UNCERTAINTY_ASSIGNED_CONTEXT((#3350))
GLOBAL_UNIT_ASSIGNED_CONTEXT((#3354,#3356,#3357))
REPRESENTATION_CONTEXT('','3D')
);
#3353=(
GEOMETRIC_REPRESENTATION_CONTEXT(3)
GLOBAL_UNCERTAINTY_ASSIGNED_CONTEXT((#3351))
GLOBAL_UNIT_ASSIGNED_CONTEXT((#3354,#3356,#3357))
REPRESENTATION_CONTEXT('','3D')
);
#3354=(
LENGTH_UNIT()
NAMED_UNIT(*)
SI_UNIT(.MILLI.,.METRE.)
);
#3355=(
LENGTH_UNIT()
NAMED_UNIT(*)
SI_UNIT($,.METRE.)
);
#3356=(
NAMED_UNIT(*)
PLANE_ANGLE_UNIT()
SI_UNIT($,.RADIAN.)
);
#3357=(
NAMED_UNIT(*)
SI_UNIT($,.STERADIAN.)
SOLID_ANGLE_UNIT()
);
#3358=SHAPE_DEFINITION_REPRESENTATION(#3359,#3360);
#3359=PRODUCT_DEFINITION_SHAPE('',$,#3362);
#3360=SHAPE_REPRESENTATION('',(#1987),#3352);
#3361=PRODUCT_DEFINITION_CONTEXT('part definition',#3366,'design');
#3362=PRODUCT_DEFINITION('2026-05-08-16-38-15-521','body',#3363,#3361);
#3363=PRODUCT_DEFINITION_FORMATION('',$,#3368);
#3364=PRODUCT_RELATED_PRODUCT_CATEGORY('body','body',(#3368));
#3365=APPLICATION_PROTOCOL_DEFINITION('international standard',
'automotive_design',2009,#3366);
#3366=APPLICATION_CONTEXT(
'Core Data for Automotive Mechanical Design Process');
#3367=PRODUCT_CONTEXT('part definition',#3366,'mechanical');
#3368=PRODUCT('2026-05-08-16-38-15-521','body',$,(#3367));
#3369=PRESENTATION_STYLE_ASSIGNMENT((#3370));
#3370=SURFACE_STYLE_USAGE(.BOTH.,#3371);
#3371=SURFACE_SIDE_STYLE('',(#3372));
#3372=SURFACE_STYLE_FILL_AREA(#3373);
#3373=FILL_AREA_STYLE('Steel - Satin',(#3374));
#3374=FILL_AREA_STYLE_COLOUR('Steel - Satin',#3375);
#3375=COLOUR_RGB('Steel - Satin',0.627450980392157,0.627450980392157,0.627450980392157);
ENDSEC;
END-ISO-10303-21;
